Prefix,Filename,Subroutine,Class,Length,Max stack depth,# of inputs,# of outputs,# math exprs,# of loops,# of conditionals,# of select/cases,# of calls
/CSM_Main,LAND,LAND,0,122,9,5,0,1,0,15,0,39
/InputModule,INSOIL,INSOIL,0,106,0,32,25,19,2,17,0,0
/InputModule,INSTGE,INSTGE,0,190,0,2,1,0,1,0,15,0
/InputModule,INTRO,INTRO,0,35,1,0,0,0,1,0,0,1
/InputModule,INVAR,FSELPRO,0,29,0,5,1,0,0,4,0,0
/InputModule,INVAR,GETINT,0,36,0,4,0,1,0,6,0,0
/InputModule,INVAR,GETREAL,0,15,1,4,0,1,0,2,0,1
/InputModule,INVAR,INVRCE,0,530,1,2,0,3,0,15,255,16
/InputModule,INVAR,INVRCS,0,52,2,0,0,4,0,17,0,17
/InputModule,INVAR,INVRLE,0,147,1,6,1,19,0,13,0,3
/InputModule,INVAR,SELPRO,0,26,0,5,1,0,0,4,0,0
/InputModule,IPCHEM,IPCHEM,0,53,3,15,5,3,1,11,0,5
/InputModule,IPECO,IPECO,0,116,1,9,2,8,0,32,0,4
/InputModule,IPENV,IPENV,0,68,3,23,12,11,2,17,0,3
/InputModule,IPMAN,IPCUL,0,34,3,5,1,1,0,8,0,2
/InputModule,IPMAN,IPFERT,0,92,3,22,11,4,1,22,0,8
/InputModule,IPMAN,IPHAR,0,93,3,15,7,8,1,25,0,11
/InputModule,IPMAN,IPIRR,0,116,3,21,14,8,2,31,11,3
/InputModule,IPMAN,IPRES,0,115,3,21,14,13,1,24,0,12
/InputModule,IPSIM,CHECK_A,0,16,0,5,2,3,0,2,0,0
/InputModule,IPSIM,CHECK_I,0,22,0,5,2,4,0,5,0,0
/InputModule,IPSIM,DEFAULT_SIMCONTROLS,0,468,4,9,2,69,3,100,9,73
/InputModule,IPSIM,FILL_ISWITCH,0,61,0,6,2,0,0,1,0,2
/InputModule,IPSIM,IPSIM,0,506,5,49,27,30,2,67,20,37
/InputModule,IPSLIN,IPSLAN,0,121,3,18,5,14,7,32,0,16
/InputModule,IPSLIN,IPSLIN,0,111,3,25,15,12,1,27,0,11
/InputModule,IPSOIL_Inp,IPSOIL_INP,0,415,3,5,1,120,5,64,57,62
/InputModule,IPTILL,IPTILL,0,56,3,10,5,3,1,13,0,5
/InputModule,IPVAR,IPVAR,0,188,2,11,3,14,1,41,20,6
/InputModule,OPGEN,OPGEN,0,39,2,29,0,0,0,2,0,4
/InputModule,OPHEAD,CO2HEADER,0,15,0,1,0,1,1,1,0,0
/InputModule,OPHEAD,HEADER,0,51,0,3,0,2,2,7,0,2
/InputModule,OPHEAD,MULTIRUN,0,50,1,2,0,0,4,6,0,6
/InputModule,OPHEAD,OPHEAD,0,236,1,17,0,48,1,37,0,6
/InputModule,OPHEAD,OPSOIL,0,233,0,38,0,70,5,16,16,0
/InputModule,OPTEMPXY2K,OPTEMPXY2K,0,213,0,37,2,2,8,16,7,0
/InputModule,PATH,MODEL_NAME,0,71,3,4,2,3,3,11,0,4
/InputModule,PATH,PATH,0,56,3,5,2,5,2,9,0,3
/InputModule,PATH,PATHD,0,32,3,3,1,3,1,5,0,2
/InputModule,SECLI,SECLI,0,147,6,10,1,12,0,41,0,9
/InputModule,SECLI,SWWGEN,0,31,1,2,1,3,0,6,0,1
/InputModule,SECROP,IDCROP,0,58,1,3,0,3,1,12,0,2
/InputModule,SECROP,SECROP,0,36,6,7,0,3,0,7,0,3
/InputModule,SECROP,SWCROP,0,89,5,7,2,6,1,17,0,4
/InputModule,SEFERT,AUTFER,0,62,1,6,4,8,0,15,0,6
/InputModule,SEFERT,ENTFER,0,202,1,11,7,15,2,46,0,15
/InputModule,SEFERT,SEFERT,0,144,2,24,6,15,2,31,0,7
/InputModule,SEFERT,SEFIX,0,42,1,3,2,5,0,9,0,3
/InputModule,SEFERT,SWFERT,0,41,1,5,3,3,0,7,0,1
/InputModule,SEFERT,SWFIX,0,35,1,5,3,3,0,5,0,1
/InputModule,SEFLD,SEFLD,0,58,1,5,4,7,0,15,0,5
/InputModule,SEFREQ,SEFREQ,0,124,3,13,12,5,0,47,0,4
/InputModule,SEHARV,SEHARV,0,142,2,16,4,12,0,35,5,11
/InputModule,SEHARV,SELHRV,0,79,1,6,4,10,0,21,0,7
/InputModule,SEHARV,STHARV,0,28,1,4,1,4,0,3,0,1
/InputModule,SEHARV,SWHARV,0,32,1,3,1,3,0,7,0,1
/InputModule,SEINIT,SEINIT,0,121,2,18,9,16,0,36,0,13
/InputModule,SEIRR,AUTIRR,0,41,1,3,2,5,0,9,0,3
/InputModule,SEIRR,ENTIRR,0,180,1,9,6,13,3,39,0,11
/InputModule,SEIRR,SEIRR,0,128,2,17,7,13,2,30,0,6
/InputModule,SEIRR,SORT,0,28,0,6,5,11,2,1,0,0
/InputModule,SEIRR,SWIRR,0,45,1,4,2,3,0,10,0,1
/InputModule,SENS,DATEC,0,100,1,29,14,17,7,15,0,16
/InputModule,SENS,SENS,0,225,7,34,2,15,0,75,0,26
/InputModule,SEPEST,SEPEST,0,39,1,3,2,3,0,10,0,1
/InputModule,SEPLT,MNPLT,0,33,1,3,0,3,0,2,11,1
/InputModule,SEPLT,SELPLT,0,143,1,11,7,18,0,38,0,10
/InputModule,SEPLT,SEPLT,0,145,2,21,9,15,0,41,11,14
/InputModule,SEPLT,SWPLT,0,26,1,3,1,3,0,4,0,1
/InputModule,SERES,ENTRES,0,237,1,14,11,16,4,53,0,15
/InputModule,SERES,SERES,0,82,2,18,4,6,1,22,0,4
/InputModule,SERES,SWRES,0,40,1,5,3,3,0,7,0,1
/InputModule,SESIM,SENIT,0,77,1,3,2,5,1,22,0,1
/InputModule,SESIM,SESIM,0,153,2,19,6,11,0,54,0,9
/InputModule,SESIM,SWEVAP,0,43,1,2,1,7,0,12,0,1
/InputModule,SESIM,SWINSC,0,31,1,2,1,3,0,6,0,1
/InputModule,SESIM,SWPHOT,0,40,1,3,1,3,0,7,0,1
/InputModule,SESIM,SWSOM,0,35,1,2,1,3,0,8,0,1
/InputModule,SESIM,SWWATB,0,38,1,5,4,3,0,8,0,1
/InputModule,SESIM,SWWTH,0,37,1,3,2,3,0,8,0,1
/InputModule,SESOIL,SEDLYR,0,69,1,5,3,6,3,12,0,3
/InputModule,SESOIL,SEPLYR,0,60,1,7,1,4,1,11,0,3
/InputModule,SESOIL,SEPROF,0,73,2,15,0,10,0,14,0,12
/InputModule,SESOIL,SESOIL,0,119,4,54,6,13,1,27,0,11
/InputModule,SESOIL,SESURF,0,73,1,7,6,9,0,21,0,7
/InputModule,SETIME,SETIME,0,133,2,12,7,14,0,37,0,9
/InputModule,SEVAR,IDGEN,0,62,1,3,0,3,1,13,0,2
/InputModule,SEVAR,SEVAR,0,93,3,15,1,6,0,19,6,10
/InputModule,SEWTH,IDWTH,0,140,3,4,1,11,0,42,0,5
/InputModule,SEWTH,SEWTH,0,131,6,10,1,11,0,36,0,6
/InputModule,WEATHR_Inp,WEATHR_INP,0,24,1,21,1,1,0,3,0,1
/InputModule,WTHSET,WTHMDI,0,65,1,3,2,5,1,11,0,3
/InputModule,WTHSET,WTHSET_INP,0,22,0,4,1,1,0,5,0,0
/InputModule,WTHSET,WTHSUM,0,26,0,2,0,1,1,5,0,0
/InputModule,input_sub,INPUT_SUB,0,126,8,11,1,4,0,19,0,22
/InputModule,ipexp,IPEXP,0,472,6,44,8,42,1,117,0,40
/InputModule,ipexp,IPFLD,0,67,3,24,4,2,1,18,0,6
/InputModule,ipexp,IPPLNT_INP,0,82,3,24,2,4,0,24,3,11
/InputModule,optempy2k,OPTEMPY2K,0,412,0,30,2,86,11,81,18,0
/Management,AUTHAR,AUTHAR,0,126,4,15,4,15,3,27,0,10
/Management,AUTHAR,IPAHAR,0,57,3,11,3,10,1,11,0,4
/Management,AUTPLT,AUTPLT,0,186,4,12,3,30,2,39,0,17
/Management,AUTPLT,IPAPLT,0,49,3,11,0,8,0,10,0,6
/Management,CHEMICAL,CHEMICAL,0,59,3,3,1,5,3,7,0,4
/Management,Fert_Place,FERTAPPLY,0,159,2,25,13,37,9,9,32,2
/Management,Fert_Place,FERTILIZERTYPE,0,69,4,9,0,4,0,3,27,6
/Management,Fert_Place,FERT_PLACE,0,234,5,8,0,32,6,35,0,16
/Management,Flood_Irrig,FLOOD_IRRIG,0,152,1,23,2,12,9,32,4,2
/Management,Flood_Irrig,SW_DEF,0,12,0,5,1,1,1,0,0,0
/Management,IRRIG,IRRIG,0,519,2,14,6,76,14,93,21,30
/Management,IRRIG,SWDEFICIT,0,30,0,9,2,6,1,3,0,0
/Management,MgmtOps,MGMTOPS,0,136,5,18,3,7,0,22,0,27
/Management,MgmtOps,OPMGMT,0,236,1,14,0,15,3,48,8,10
/Management,OM_Place,OM_PLACE,0,222,3,6,1,34,6,32,3,12
/Management,OpFlood,OPFLOOD,0,57,1,10,0,1,0,11,0,4
/Management,Paddy_Mgmt,PADDY_MGMT,0,94,0,7,2,11,0,16,0,2
/Management,TillEvent,TILLEVENT,0,141,2,21,6,32,2,20,0,4
/Management,Tillage,TILLAGE,0,184,4,5,2,16,6,24,0,14
/Plant,plant,PLANT,0,246,8,49,19,3,0,29,19,22
/Plant/ALOHA-Pineapple,Aloha_GROSUB,ALOHA_GROSUB,0,681,2,46,31,227,1,110,37,10
/Plant/ALOHA-Pineapple,Aloha_NFACTO,ALOHA_NFACTO,0,49,0,11,7,12,0,4,4,0
/Plant/ALOHA-Pineapple,Aloha_NUPTAK,ALOHA_NUPTAK,0,214,0,26,8,47,4,19,5,0
/Plant/ALOHA-Pineapple,Aloha_OPGROW,ALOHA_OPGROW,0,217,1,35,8,50,0,42,0,5
/Plant/ALOHA-Pineapple,Aloha_OPHARV,ALOHA_OPHARV,0,267,6,35,4,49,0,39,3,17
/Plant/ALOHA-Pineapple,Aloha_PHENOL,ALOHA_PHENOL,0,248,0,17,11,29,4,40,16,0
/Plant/ALOHA-Pineapple,Aloha_PINE,ALOHA_PINEAPPLE,0,97,0,18,1,6,0,8,6,16
/Plant/ALOHA-Pineapple,Aloha_ROOTGR,ALOHA_ROOTGR,0,105,0,14,3,24,6,16,7,0
/Plant/ALOHA-Pineapple,Aloha_mod,ALOHA_IPCROP,0,42,3,1,0,5,1,2,12,4
/Plant/ALOHA-Pineapple,Aloha_mod,ALOHA_IPPLANT,0,58,3,1,0,8,1,11,0,6
/Plant/AROIDS,TR_Calcshk,TR_CALCSHK,0,34,0,9,2,4,0,7,0,0
/Plant/AROIDS,TR_Grosub,TR_GROSUB,0,723,2,143,42,249,4,102,13,15
/Plant/AROIDS,TR_Grosub,TR_IPGROSUB,0,43,1,20,1,11,0,8,0,3
/Plant/AROIDS,TR_Grosub,TR_PLANTINIT,0,43,0,10,5,12,0,3,5,0
/Plant/AROIDS,TR_Ipcrop,TR_IPCROP,0,80,0,106,9,2,0,3,0,0
/Plant/AROIDS,TR_Nfacto,TR_NFACTO,0,52,0,11,8,12,0,5,0,0
/Plant/AROIDS,TR_Nuptak,TR_NUPTAK,0,197,0,26,10,59,4,31,0,0
/Plant/AROIDS,TR_OPGROW,TR_OPGROW,0,175,1,32,1,24,1,35,0,5
/Plant/AROIDS,TR_Opharv,TR_OPHARV,0,224,6,41,7,32,0,27,0,14
/Plant/AROIDS,TR_Phenol,TAROINIT,0,61,0,10,6,2,0,11,6,0
/Plant/AROIDS,TR_Phenol,TR_IPPHEN,0,33,3,8,0,6,0,6,0,3
/Plant/AROIDS,TR_Phenol,TR_PHASEI,0,15,0,8,8,0,0,0,0,0
/Plant/AROIDS,TR_Phenol,TR_PHENOL,0,335,4,47,22,49,3,55,15,21
/Plant/AROIDS,TR_Phenol,TR_STNAMEFILL,0,25,0,1,1,0,0,0,0,0
/Plant/AROIDS,TR_Phenol,TR_STRESS,0,22,0,12,4,4,0,4,0,0
/Plant/AROIDS,TR_Rootgr,TR_IPROOTGR,0,24,1,2,1,2,0,4,0,1
/Plant/AROIDS,TR_Rootgr,TR_ROOTGR,0,103,2,22,3,29,2,15,0,1
/Plant/AROIDS,TR_SUBSTOR,TR_SUBSTOR,0,126,7,31,4,3,0,11,4,15
/Plant/AROIDS,TR_Tillsub,TR_TILLSUB,0,118,0,48,8,45,0,17,3,0
/Plant/AROIDS,TR_Transpl_g,TR_TRNSPL_GROSUB,0,96,1,41,18,36,1,14,0,1
/Plant/AROIDS,TR_Transpl_p,TR_TRNSPL_PHENOL,0,26,0,16,9,5,0,3,0,0
/Plant/CANEGRO-Sugarcane,SC_CCOUT,SC_CCOUT,0,96,1,17,0,13,0,9,0,1
/Plant/CANEGRO-Sugarcane,SC_CNGRO,SC_CNGRO,0,386,6,42,13,20,3,34,0,47
/Plant/CANEGRO-Sugarcane,SC_CNG_mods,CARRYOVER_RATOON,0,103,4,3,1,10,1,23,0,5
/Plant/CANEGRO-Sugarcane,SC_CNG_mods,COPY_CANCRP_COMMON,0,117,0,2,1,0,8,2,0,0
/Plant/CANEGRO-Sugarcane,SC_CNG_mods,COPY_CLIMT_COMMON,0,56,0,2,1,0,0,2,0,0
/Plant/CANEGRO-Sugarcane,SC_CNG_mods,COPY_SOILI_COMMON,0,96,0,2,1,0,4,2,0,0
/Plant/CANEGRO-Sugarcane,SC_CNG_mods,COPY_WATER_COMMON,0,136,0,2,1,0,4,2,0,0
/Plant/CANEGRO-Sugarcane,SC_CNG_mods,D_TT,0,16,0,5,1,4,0,4,0,0
/Plant/CANEGRO-Sugarcane,SC_CNG_mods,D_TT4,0,18,0,6,1,5,0,5,0,0
/Plant/CANEGRO-Sugarcane,SC_CNG_mods,FIND_INP,0,65,3,3,1,6,0,10,4,3
/Plant/CANEGRO-Sugarcane,SC_CNG_mods,GET_CANOPY_ROUTINE,0,49,4,2,1,2,1,3,0,17
/Plant/CANEGRO-Sugarcane,SC_CNG_mods,INITCANECROP,0,7,0,1,1,0,0,0,0,0
/Plant/CANEGRO-Sugarcane,SC_CNG_mods,PRINTCANECROP,0,20,2,1,0,0,1,0,0,1
/Plant/CANEGRO-Sugarcane,SC_CNG_mods,PRINTSOIL,0,16,1,1,0,0,0,1,0,2
/Plant/CANEGRO-Sugarcane,SC_COEFFS,FINDNEXT,0,29,0,5,4,3,2,7,0,0
/Plant/CANEGRO-Sugarcane,SC_COEFFS,GET_CULTIVAR_COEFF,0,193,3,0,0,15,7,25,0,17
/Plant/CANEGRO-Sugarcane,SC_COEFFS,GET_SPECIES_COEFF,0,113,2,0,0,10,3,18,0,4
/Plant/CANEGRO-Sugarcane,SC_Canop3,CANOP3,0,696,4,0,0,70,11,28,0,31
/Plant/CANEGRO-Sugarcane,SC_ETOUT,FIND_HDATE,0,32,3,2,0,3,1,4,0,2
/Plant/CANEGRO-Sugarcane,SC_ETOUT,SC_ETOUT,0,146,4,11,0,19,0,13,0,12
/Plant/CANEGRO-Sugarcane,SC_GTP_SHOOTS,GET_PLTPOP,0,28,4,2,1,2,0,3,0,4
/Plant/CANEGRO-Sugarcane,SC_GTP_SHOOTS,SC_GTP_SHOOTPOP,0,175,4,7,1,32,6,14,0,6
/Plant/CANEGRO-Sugarcane,SC_GTP_SHOOTS,SHOOTPOPHA,0,20,0,6,3,3,1,2,0,0
/Plant/CANEGRO-Sugarcane,SC_OPHARV,SC_OPHARV,0,195,6,13,0,14,0,26,0,8
/Plant/CANEGRO-Sugarcane,SC_OUTPUT,SC_OPGROW,0,378,1,3,0,19,3,22,0,4
/Plant/CANEGRO-Sugarcane,SC_PARTIT,SC_PARTIT,0,330,4,4,4,31,0,13,0,11
/Plant/CANEGRO-Sugarcane,SC_PHENOL,SC_PHENOLOGY,0,142,4,5,3,11,1,11,0,17
/Plant/CANEGRO-Sugarcane,SC_PHOTOS,SC_ANAERF,0,46,0,8,1,11,3,3,0,0
/Plant/CANEGRO-Sugarcane,SC_PHOTOS,SC_PHOTOS,0,328,4,0,0,38,2,24,0,20
/Plant/CANEGRO-Sugarcane,SC_Poplt3,POPLT3,0,311,5,15,6,38,10,18,0,6
/Plant/CANEGRO-Sugarcane,SC_ROOTG,ROOTGROWTH,0,307,4,0,0,22,7,23,0,9
/Plant/CANEGRO-Sugarcane,SC_UM_WSTRESS,AQ_WSTRESS,0,68,0,13,2,18,5,6,0,0
/Plant/CANEGRO-Sugarcane,SC_UM_WSTRESS,SC_UM_WSTRESS,0,155,4,14,5,14,5,18,0,9
/Plant/CASUPRO-Sugarcane,CSP_CANOPY,CSP_CANOPY,0,183,3,23,6,24,5,32,0,30
/Plant/CASUPRO-Sugarcane,CSP_CANOPY,CSP_SHADOW,0,45,0,10,1,25,0,9,0,0
/Plant/CASUPRO-Sugarcane,CSP_CASUPRO,CSP_CASUPRO,0,303,7,38,11,18,4,38,0,43
/Plant/CASUPRO-Sugarcane,CSP_DEMAND,CSP_DEMAND,0,150,4,57,17,47,0,14,5,3
/Plant/CASUPRO-Sugarcane,CSP_DEMAND,CSP_IPDMND,0,149,3,44,0,18,1,41,0,43
/Plant/CASUPRO-Sugarcane,CSP_DEMAND,PRNT_DEMAND_SC,0,76,0,55,1,0,0,3,5,0
/Plant/CASUPRO-Sugarcane,CSP_GROW,CSP_GROW,0,480,4,119,61,151,1,72,0,3
/Plant/CASUPRO-Sugarcane,CSP_GROW,CSP_IPGROW,0,139,3,43,0,16,1,37,0,36
/Plant/CASUPRO-Sugarcane,CSP_GROW,CSP_STRESS,0,31,2,14,7,7,0,3,0,2
/Plant/CASUPRO-Sugarcane,CSP_GROW_CANE,CSP_GROW_CANE,0,614,1,112,49,147,37,100,0,4
/Plant/CASUPRO-Sugarcane,CSP_HRes,CSP_HRES,0,78,0,28,1,23,5,5,0,0
/Plant/CASUPRO-Sugarcane,CSP_INCOMP,CSP_INCOMP,0,129,3,12,2,4,0,36,0,39
/Plant/CASUPRO-Sugarcane,CSP_INCOMP_OUT,CSP_INCOMP_OUT,0,56,2,31,0,2,0,0,0,4
/Plant/CASUPRO-Sugarcane,CSP_INPHENOL,CSP_INPHENOL,0,38,0,7,3,3,3,3,0,0
/Plant/CASUPRO-Sugarcane,CSP_IPDMND_OUT,CSP_IPDMND_OUT,0,104,1,45,0,8,0,0,0,1
/Plant/CASUPRO-Sugarcane,CSP_IPPHENOL,CSP_IPPHENOL,0,121,3,36,0,14,0,24,0,27
/Plant/CASUPRO-Sugarcane,CSP_IPPLNT,CSP_IPPLNT,0,319,3,70,3,18,0,83,0,108
/Plant/CASUPRO-Sugarcane,CSP_MOBIL,CSP_MOBIL,0,38,0,15,6,7,0,4,0,0
/Plant/CASUPRO-Sugarcane,CSP_NUPTAK,CSP_NUPTAK,0,135,3,18,5,26,4,21,0,15
/Plant/CASUPRO-Sugarcane,CSP_OPGROW,CSP_OPGROW,0,555,1,77,2,47,34,48,0,11
/Plant/CASUPRO-Sugarcane,CSP_OPHARV,CSP_OPHARV,0,300,6,35,0,35,2,48,0,22
/Plant/CASUPRO-Sugarcane,CSP_PHENOL,CSP_PHENOL,0,550,4,47,26,65,32,82,9,6
/Plant/CASUPRO-Sugarcane,CSP_PHOTO,CSP_PHOTIP,0,107,3,18,0,8,0,25,0,32
/Plant/CASUPRO-Sugarcane,CSP_PHOTO,CSP_PHOTO,0,321,4,42,10,97,20,44,0,6
/Plant/CASUPRO-Sugarcane,CSP_RESPIR,CSP_RESPIR,0,48,0,19,4,8,6,4,0,0
/Plant/CASUPRO-Sugarcane,CSP_ROOTS,CSP_INROOT,0,25,0,10,3,5,2,1,0,0
/Plant/CASUPRO-Sugarcane,CSP_ROOTS,CSP_IPROOT,0,63,3,11,0,1,0,13,0,21
/Plant/CASUPRO-Sugarcane,CSP_ROOTS,CSP_ROOTS,0,165,4,34,7,40,6,28,0,2
/Plant/CASUPRO-Sugarcane,CSP_SENES,CSP_SENES,0,306,3,36,9,21,24,44,0,37
/Plant/CASUPRO-Sugarcane,CSP_VEGGR,CSP_VEGGR,0,300,3,62,28,78,2,45,5,14
/Plant/CASUPRO-Sugarcane,CSP_VEGGR,PRNT_VEGGR_SC,0,82,0,61,1,0,0,3,5,0
/Plant/CERES-IXIM-Maize,MZ_IX_GROSUB,MZ_IX_GROSUB,0,1414,4,127,73,298,11,211,0,73
/Plant/CERES-IXIM-Maize,MZ_IX_KNUMBER,MZ_IX_KNUMBER,0,108,3,17,3,18,0,12,0,4
/Plant/CERES-IXIM-Maize,MZ_IX_LEAFAREA,MZ_IX_LEAFAREA,0,357,3,35,15,65,8,54,0,6
/Plant/CERES-IXIM-Maize,MZ_IX_NUPTAK,MZ_IX_NUPTAK,0,288,0,43,10,69,6,31,0,0
/Plant/CERES-IXIM-Maize,MZ_IX_PHENOL,MZ_IX_PHENOL,0,497,3,45,22,84,4,85,0,21
/Plant/CERES-IXIM-Maize,MZ_IX_PHOTSYNT,MZ_IX_PHOTSYNT,0,287,3,34,3,31,2,34,0,25
/Plant/CERES-IXIM-Maize,MZ_IX_PLANTG,MZ_IX_PLANTG,0,52,1,15,1,1,2,3,0,4
/Plant/CERES-IXIM-Maize,MZ_IX_PLANTG,MZ_IX_PSLEAF,0,25,0,5,1,3,0,2,0,0
/Plant/CERES-IXIM-Maize,MZ_IX_PLANTG,MZ_IX_PSPARAM,0,134,0,13,4,19,3,19,0,0
/Plant/CERES-IXIM-Maize,MZ_IX_RADABS,MZ_IX_CANABS,0,287,0,23,7,79,2,35,0,0
/Plant/CERES-IXIM-Maize,MZ_IX_RADABS,MZ_IX_LFEXTN,0,64,0,10,4,14,1,8,0,0
/Plant/CERES-IXIM-Maize,MZ_IX_RADABS,MZ_IX_RADABS,0,83,1,23,2,3,1,6,0,5
/Plant/CERES-IXIM-Maize,MZ_IX_RADABS,MZ_IX_SHADOW,0,80,0,8,1,24,0,9,0,0
/Plant/CERES-IXIM-Maize,MZ_IX_RESPIR,MZ_IX_RESPIR,0,92,0,43,2,12,1,4,0,0
/Plant/CERES-Maize,MZ_CERES,MZ_CERES,0,334,7,33,6,1,2,23,20,43
/Plant/CERES-Maize,MZ_GROSUB,MZ_GROSUB,0,1249,3,124,75,260,2,196,0,68
/Plant/CERES-Maize,MZ_KUPTAK,MZ_KUPTAK,0,28,0,7,2,4,1,3,0,0
/Plant/CERES-Maize,MZ_NFACTO,MZ_NFACTO,0,44,0,1,0,8,0,5,0,0
/Plant/CERES-Maize,MZ_NUPTAK,MZ_NUPTAK,0,175,0,0,0,48,4,18,0,0
/Plant/CERES-Maize,MZ_OPGROW,MZ_OPGROW,0,141,1,38,0,24,2,19,0,6
/Plant/CERES-Maize,MZ_OPHARV,MZ_OPHARV,0,276,6,37,13,44,0,38,0,21
/Plant/CERES-Maize,MZ_OPNIT,MZ_OPNIT,0,77,1,17,0,4,1,12,0,5
/Plant/CERES-Maize,MZ_PHENOL,MZ_PHENOL,0,495,3,45,21,77,4,89,0,21
/Plant/CERES-Maize,MZ_ROOTS,MZ_ROOTGR,0,130,0,10,2,27,6,17,0,0
/Plant/CERES-Millet,ML_CERES,ML_CERES,0,618,7,18,0,42,4,79,0,56
/Plant/CERES-Millet,ML_GROSUB,ML_GROSUB,0,536,1,118,56,164,3,75,0,6
/Plant/CERES-Millet,ML_NFACT,ML_NFACT,0,55,0,13,11,21,0,5,0,0
/Plant/CERES-Millet,ML_NUPTAK,ML_NUPTAK,0,175,0,0,0,48,4,18,0,0
/Plant/CERES-Millet,ML_OPGROW,ML_OPGROW,0,143,1,49,0,24,2,19,0,6
/Plant/CERES-Millet,ML_PHASEI,ML_PHASEI,0,265,0,97,82,26,3,13,0,0
/Plant/CERES-Millet,ML_PHENOL,ML_PHENOL,0,403,2,140,40,77,2,61,0,5
/Plant/CERES-Millet,ML_TILLSUB,ML_TILLSUB,0,58,0,15,5,23,0,10,0,0
/Plant/CERES-Millet,ML_opharv,ML_OPHARV,0,263,6,37,15,44,0,35,0,17
/Plant/CERES-Millet,ML_rootgr,ML_ROOTGR,0,82,0,21,3,21,3,8,0,0
/Plant/CERES-Rice,RICE,RICE,0,126,7,37,7,7,0,12,4,15
/Plant/CERES-Rice,RI_Calcshk,CALCSHK,0,84,0,18,3,20,0,17,3,0
/Plant/CERES-Rice,RI_GNURSE,GNURSE,0,19,0,6,1,0,0,5,0,0
/Plant/CERES-Rice,RI_Grosub,PLANTINIT,0,64,0,12,7,16,0,11,5,0
/Plant/CERES-Rice,RI_Grosub,RI_GROSUB,0,838,4,109,41,323,4,121,13,24
/Plant/CERES-Rice,RI_Grosub,RI_IPGROSUB,0,43,1,15,1,11,0,8,0,3
/Plant/CERES-Rice,RI_Ipcrop,RI_IPCROP,0,51,3,11,0,3,2,6,10,2
/Plant/CERES-Rice,RI_KUPTAK,RI_KUPTAK,0,28,0,7,2,4,1,3,0,0
/Plant/CERES-Rice,RI_Nfacto,RI_NFACTO,0,55,0,11,8,12,0,7,0,0
/Plant/CERES-Rice,RI_Nuptak,RI_NUPTAK,0,195,0,28,11,61,4,27,0,0
/Plant/CERES-Rice,RI_Opgrow,RI_OPGROW,0,205,1,33,2,33,2,36,3,5
/Plant/CERES-Rice,RI_Opharv,RI_OPHARV,0,264,6,45,9,41,0,37,0,18
/Plant/CERES-Rice,RI_Phenol,PHASEINIT,0,15,0,8,8,0,0,0,0,0
/Plant/CERES-Rice,RI_Phenol,RICEINIT,0,64,0,10,7,2,0,12,6,0
/Plant/CERES-Rice,RI_Phenol,RI_IPPHEN,0,33,3,10,0,6,0,6,0,3
/Plant/CERES-Rice,RI_Phenol,RI_PHENOL,0,508,4,61,31,101,3,89,17,27
/Plant/CERES-Rice,RI_Phenol,RI_STRESS,0,22,0,12,4,4,0,4,0,0
/Plant/CERES-Rice,RI_Phenol,STNAMEFILL,0,25,0,1,1,0,0,0,0,0
/Plant/CERES-Rice,RI_Rootgr,RI_IPROOTGR,0,24,1,2,1,2,0,4,0,1
/Plant/CERES-Rice,RI_Rootgr,RI_ROOTGR,0,103,2,22,3,29,2,15,0,1
/Plant/CERES-Rice,RI_Tillsub,RI_TILLSUB,0,131,0,42,8,53,0,19,7,0
/Plant/CERES-Rice,RI_Transpl_g,TRNSPL_GROSUB,0,90,1,43,17,30,0,13,0,1
/Plant/CERES-Rice,RI_Transpl_p,TRNSPL_PHENOL,0,39,2,16,10,11,0,4,0,1
/Plant/CERES-SharedFiles,HResCeres,HRES_CERES,0,81,0,20,1,25,5,6,0,1
/Plant/CERES-SharedFiles,SLigCeres,SENLIG_CERES,0,4,0,5,0,0,0,0,0,0
/Plant/CERES-Sorghum,SG_CERES,SG_CERES,0,659,7,35,6,47,4,89,0,69
/Plant/CERES-Sorghum,SG_GROSUB,SG_GROSUB,0,649,2,147,60,210,3,101,0,11
/Plant/CERES-Sorghum,SG_NFACT,SG_NFACT,0,69,0,14,9,19,0,9,0,0
/Plant/CERES-Sorghum,SG_NUPTAK,SG_NUPTAK,0,175,0,0,0,48,4,18,0,0
/Plant/CERES-Sorghum,SG_OPHARV,SG_OPHARV,0,280,6,37,15,46,0,38,0,19
/Plant/CERES-Sorghum,SG_PHASEI,SG_PHASEI,0,245,0,97,79,28,3,15,0,0
/Plant/CERES-Sorghum,SG_PHENOL,SG_PHENOL,0,406,2,145,46,80,2,67,0,5
/Plant/CERES-Sorghum,SG_ROOTGR,SG_ROOTGR,0,81,0,21,3,20,3,8,0,0
/Plant/CERES-Sugarbeet,BS_CERES,BS_CERES,0,284,7,30,3,1,2,17,0,30
/Plant/CERES-Sugarbeet,BS_GROSUB,BS_GROSUB,0,1161,3,121,75,237,2,180,0,60
/Plant/CERES-Sugarbeet,BS_NFACTO,BS_NFACTO,0,44,0,1,0,8,0,5,0,0
/Plant/CERES-Sugarbeet,BS_NUPTAK,BS_NUPTAK,0,175,0,0,0,48,4,18,0,0
/Plant/CERES-Sugarbeet,BS_OPGROW,BS_OPGROW,0,117,1,37,0,18,2,15,0,4
/Plant/CERES-Sugarbeet,BS_OPHARV,BS_OPHARV,0,252,6,37,4,38,0,38,0,21
/Plant/CERES-Sugarbeet,BS_OPNIT,BS_OPNIT,0,67,1,17,0,4,1,9,0,3
/Plant/CERES-Sugarbeet,BS_PHENOL,BS_PHENOL,0,477,3,45,20,66,4,85,0,21
/Plant/CERES-Sugarbeet,BS_ROOTS,BS_ROOTGR,0,130,0,10,2,27,6,17,0,0
/Plant/CERES-SweetCorn,SW_FreshWt,SW_FRESHWT,0,108,1,13,0,14,0,15,0,4
/Plant/CERES-SweetCorn,SW_GROSUB,SW_GROSUB,0,1242,3,118,71,261,3,194,0,70
/Plant/CROPGRO,CANOPY,CANOPY,0,102,3,14,3,12,2,20,0,12
/Plant/CROPGRO,CROPGRO,CROPGRO,0,395,7,33,5,48,0,64,0,68
/Plant/CROPGRO,DEMAND,DEMAND,0,294,4,88,26,92,7,40,0,5
/Plant/CROPGRO,DEMAND,IPDMND,0,196,3,60,1,19,2,53,0,54
/Plant/CROPGRO,FREEZE,FREEZE,0,25,2,11,2,2,0,3,0,1
/Plant/CROPGRO,FreshWt,FRESHWT,0,152,5,9,0,26,2,29,9,7
/Plant/CROPGRO,GROW,GROW,0,600,4,157,88,203,2,88,0,4
/Plant/CROPGRO,GROW,IPGROW,0,123,3,54,1,17,1,33,0,34
/Plant/CROPGRO,GROW,STRESS,0,34,2,17,10,10,0,3,0,2
/Plant/CROPGRO,HRes_CGRO,HRES_CGRO,0,76,0,30,1,24,5,5,0,0
/Plant/CROPGRO,INCOMP,INCOMP,0,93,3,17,11,20,0,21,0,20
/Plant/CROPGRO,IPPLNT,IPPLNT,0,242,3,45,5,31,1,67,0,56
/Plant/CROPGRO,Ipphenol,IPPHENOL,0,140,1,27,4,23,2,31,0,13
/Plant/CROPGRO,MOBIL,MOBIL,0,35,0,15,5,7,0,4,0,0
/Plant/CROPGRO,NFIX,NFIX,0,195,3,23,8,44,5,35,0,22
/Plant/CROPGRO,NUPTAK,NUPTAK,0,109,3,19,5,26,4,21,0,4
/Plant/CROPGRO,OPHARV,OPHARV,0,337,6,39,11,61,0,57,9,24
/Plant/CROPGRO,OPHARV,STNAMES,0,117,0,3,1,2,1,1,8,0
/Plant/CROPGRO,Opgrow,OPGROW,0,242,1,58,0,37,2,36,0,13
/Plant/CROPGRO,PHENOL,PHENOL,0,158,2,41,6,25,4,19,0,6
/Plant/CROPGRO,PHENOL,VSTAGES,0,54,0,17,2,9,0,14,0,0
/Plant/CROPGRO,PHOTO,PHOTIP,0,81,3,17,1,8,0,20,0,17
/Plant/CROPGRO,PHOTO,PHOTO,0,70,4,19,2,18,0,13,0,1
/Plant/CROPGRO,PODDET,PODDET,0,150,3,13,7,39,7,29,0,9
/Plant/CROPGRO,PODS,PODCOMP,0,125,3,13,6,28,3,30,0,10
/Plant/CROPGRO,PODS,PODS,0,461,4,63,20,108,11,89,0,33
/Plant/CROPGRO,PlantNBal,PLANTNBAL,0,45,1,24,0,3,0,3,0,2
/Plant/CROPGRO,RESPIR,RESPIR,0,16,0,8,3,5,1,0,0,0
/Plant/CROPGRO,ROOTS,INROOT,0,24,0,9,2,4,2,1,0,0
/Plant/CROPGRO,ROOTS,IPROOT,0,40,3,11,1,1,0,7,0,7
/Plant/CROPGRO,ROOTS,ROOTS,0,165,4,29,5,43,5,28,0,2
/Plant/CROPGRO,RStages,RSTAGES,0,248,0,37,23,57,2,38,0,0
/Plant/CROPGRO,SDCOMP,SDCOMP,0,38,0,21,5,16,0,5,0,0
/Plant/CROPGRO,SENES,SENES,0,137,3,19,4,28,4,23,0,13
/Plant/CROPGRO,VEGGR,VEGGR,0,235,4,66,23,71,2,41,0,16
/Plant/CSCER_CSCRP_CSCAS,CSCAS,CSCAS,0,7243,5,91,18,1244,108,1122,0,481
/Plant/CSCER_CSCRP_CSCAS,CSCAS_Interface,CSCAS_INTERFACE,0,170,6,29,7,6,2,7,0,19
/Plant/CSCER_CSCRP_CSCAS,CSCER,CSCER,0,6733,5,69,24,1201,67,1019,0,345
/Plant/CSCER_CSCRP_CSCAS,CSCER,CSLAYERS,0,66,0,0,0,9,3,5,0,0
/Plant/CSCER_CSCRP_CSCAS,CSCER,CSROOTWU,0,104,0,13,2,15,6,15,0,1
/Plant/CSCER_CSCRP_CSCAS,CSCER,CSTRANS,0,100,0,11,1,30,0,6,0,0
/Plant/CSCER_CSCRP_CSCAS,CSCERES_Interface,CSCERES_INTERFACE,0,116,6,29,6,4,2,6,0,7
/Plant/CSCER_CSCRP_CSCAS,CSCRP,CSCRP,0,9283,5,93,19,1600,117,1498,0,571
/Plant/CSCER_CSCRP_CSCAS,CSCRP,CSCRPLAYERS,0,103,0,0,0,17,2,10,0,1
/Plant/CSCER_CSCRP_CSCAS,CSCRP,CSCRPROOTWU,0,134,2,18,0,20,6,22,0,3
/Plant/CSCER_CSCRP_CSCAS,CSCRP,EVAPO,0,174,0,17,7,45,0,26,0,1
/Plant/CSCER_CSCRP_CSCAS,CSCRP_Interface,CSCRP_INTERFACE,0,170,6,30,7,6,2,7,0,19
/Plant/CSCER_CSCRP_CSCAS,CSDISEASE,DISEASE,0,566,4,4,0,64,28,69,0,26
/Plant/CSCER_CSCRP_CSCAS,CSREADS,AMAKE1,0,165,1,4,2,19,4,34,0,11
/Plant/CSCER_CSCRP_CSCAS,CSREADS,AMAKE5,0,174,1,8,2,19,4,42,0,14
/Plant/CSCER_CSCRP_CSCAS,CSREADS,AMAKEABV,0,47,1,3,2,2,2,6,0,2
/Plant/CSCER_CSCRP_CSCAS,CSREADS,AMAKER0,0,79,1,3,2,2,3,9,0,5
/Plant/CSCER_CSCRP_CSCAS,CSREADS,ARAYREAD,0,92,1,6,1,5,5,21,0,5
/Plant/CSCER_CSCRP_CSCAS,CSREADS,AREADC,0,48,3,8,0,3,3,5,0,3
/Plant/CSCER_CSCRP_CSCAS,CSREADS,AREADI,0,14,4,8,0,1,0,0,0,1
/Plant/CSCER_CSCRP_CSCAS,CSREADS,AREADR,0,12,4,8,0,1,0,0,0,1
/Plant/CSCER_CSCRP_CSCAS,CSREADS,AREADT,0,71,2,8,0,4,1,9,0,7
/Plant/CSCER_CSCRP_CSCAS,CSREADS,CUREADC,0,59,3,4,0,2,3,5,0,4
/Plant/CSCER_CSCRP_CSCAS,CSREADS,CUREADR,0,11,4,4,0,1,0,0,0,1
/Plant/CSCER_CSCRP_CSCAS,CSREADS,CUREADT,0,48,2,4,0,2,0,6,0,5
/Plant/CSCER_CSCRP_CSCAS,CSREADS,ECREADC,0,45,3,4,0,2,3,4,0,3
/Plant/CSCER_CSCRP_CSCAS,CSREADS,ECREADR,0,11,4,4,0,1,0,0,0,1
/Plant/CSCER_CSCRP_CSCAS,CSREADS,ECREADT,0,43,2,4,0,2,0,5,0,5
/Plant/CSCER_CSCRP_CSCAS,CSREADS,SLREADC,0,57,3,4,0,2,3,5,0,4
/Plant/CSCER_CSCRP_CSCAS,CSREADS,SLREADCA,0,30,3,5,0,3,2,2,0,3
/Plant/CSCER_CSCRP_CSCAS,CSREADS,SLREADR,0,11,4,4,0,1,0,0,0,1
/Plant/CSCER_CSCRP_CSCAS,CSREADS,SLREADRA,0,42,3,5,0,7,3,6,0,5
/Plant/CSCER_CSCRP_CSCAS,CSREADS,SLREADT,0,221,2,4,0,30,10,36,0,14
/Plant/CSCER_CSCRP_CSCAS,CSREADS,SMREADC,0,57,3,3,0,2,3,5,0,4
/Plant/CSCER_CSCRP_CSCAS,CSREADS,SMREADR,0,11,4,3,0,1,0,0,0,1
/Plant/CSCER_CSCRP_CSCAS,CSREADS,SMREADR2,0,41,3,4,0,9,3,6,0,3
/Plant/CSCER_CSCRP_CSCAS,CSREADS,SMREADRA,0,30,3,4,0,5,2,2,0,3
/Plant/CSCER_CSCRP_CSCAS,CSREADS,SMREADT,0,87,2,3,0,4,2,12,0,9
/Plant/CSCER_CSCRP_CSCAS,CSREADS,SPREADC,0,45,3,3,0,2,3,4,0,3
/Plant/CSCER_CSCRP_CSCAS,CSREADS,SPREADCA,0,30,3,4,0,3,2,2,0,3
/Plant/CSCER_CSCRP_CSCAS,CSREADS,SPREADIA,0,26,3,4,0,4,2,2,0,3
/Plant/CSCER_CSCRP_CSCAS,CSREADS,SPREADR,0,11,4,3,0,1,0,0,0,1
/Plant/CSCER_CSCRP_CSCAS,CSREADS,SPREADRA,0,30,3,4,0,5,2,2,0,3
/Plant/CSCER_CSCRP_CSCAS,CSREADS,SPREADT,0,134,2,3,0,22,6,22,0,10
/Plant/CSCER_CSCRP_CSCAS,CSREADS,XREADC,0,48,3,8,0,3,3,5,0,3
/Plant/CSCER_CSCRP_CSCAS,CSREADS,XREADCA,0,41,3,9,0,5,2,8,0,3
/Plant/CSCER_CSCRP_CSCAS,CSREADS,XREADD,0,149,1,6,3,9,7,25,0,8
/Plant/CSCER_CSCRP_CSCAS,CSREADS,XREADI,0,95,4,8,0,4,0,23,0,11
/Plant/CSCER_CSCRP_CSCAS,CSREADS,XREADIA,0,82,3,9,0,12,3,27,0,11
/Plant/CSCER_CSCRP_CSCAS,CSREADS,XREADR,0,12,4,8,0,1,0,0,0,1
/Plant/CSCER_CSCRP_CSCAS,CSREADS,XREADRA,0,33,3,9,0,6,2,4,0,3
/Plant/CSCER_CSCRP_CSCAS,CSREADS,XREADT,0,604,2,8,3,45,13,155,0,28
/Plant/CSCER_CSCRP_CSCAS,CSUTS,CALENDAR,0,37,0,4,0,5,2,3,0,0
/Plant/CSCER_CSCRP_CSCAS,CSUTS,CSCLEAR5,0,3,0,0,0,0,0,0,0,0
/Plant/CSCER_CSCRP_CSCAS,CSUTS,CSCURV,0,66,0,6,0,21,0,24,0,0
/Plant/CSCER_CSCRP_CSCAS,CSUTS,CSDAYLEN,0,35,0,4,2,12,0,4,0,0
/Plant/CSCER_CSCRP_CSCAS,CSUTS,CSDOC,0,7,0,2,0,2,0,0,0,0
/Plant/CSCER_CSCRP_CSCAS,CSUTS,CSENDYR,0,11,0,1,0,0,0,2,0,0
/Plant/CSCER_CSCRP_CSCAS,CSUTS,CSFIND,0,28,0,4,3,1,2,2,0,0
/Plant/CSCER_CSCRP_CSCAS,CSUTS,CSIDLAYR,0,19,0,3,0,1,1,1,0,0
/Plant/CSCER_CSCRP_CSCAS,CSUTS,CSIGNORE,0,23,0,4,2,2,0,3,0,0
/Plant/CSCER_CSCRP_CSCAS,CSUTS,CSINCDAT,0,23,1,2,0,6,0,1,0,1
/Plant/CSCER_CSCRP_CSCAS,CSUTS,CSINCMTH,0,13,0,3,2,5,0,2,0,0
/Plant/CSCER_CSCRP_CSCAS,CSUTS,CSMTHEND,0,14,0,2,0,1,0,2,0,0
/Plant/CSCER_CSCRP_CSCAS,CSUTS,CSMTHMID,0,14,0,2,0,1,0,2,0,0
/Plant/CSCER_CSCRP_CSCAS,CSUTS,CSOPLINE,0,21,0,2,0,1,0,6,0,0
/Plant/CSCER_CSCRP_CSCAS,CSUTS,CSTABEX,0,25,0,4,0,3,1,2,0,1
/Plant/CSCER_CSCRP_CSCAS,CSUTS,CSTIMDIF,0,27,0,2,0,15,0,6,0,0
/Plant/CSCER_CSCRP_CSCAS,CSUTS,CSUCASE,0,12,0,1,1,1,1,0,0,1
/Plant/CSCER_CSCRP_CSCAS,CSUTS,CSUPCASE,0,13,0,1,0,1,0,2,0,0
/Plant/CSCER_CSCRP_CSCAS,CSUTS,CSVPSAT,0,7,0,2,1,1,0,0,0,0
/Plant/CSCER_CSCRP_CSCAS,CSUTS,CSYDOY,0,13,0,2,0,3,0,3,0,0
/Plant/CSCER_CSCRP_CSCAS,CSUTS,CSYEARDOY,0,18,0,1,0,4,0,4,0,0
/Plant/CSCER_CSCRP_CSCAS,CSUTS,CSYR_DOY,0,21,0,3,2,8,0,6,0,0
/Plant/CSCER_CSCRP_CSCAS,CSUTS,CSYVAL,0,21,0,6,1,1,0,2,0,1
/Plant/CSCER_CSCRP_CSCAS,CSUTS,DAPCALC,0,24,0,3,0,7,0,6,0,0
/Plant/CSCER_CSCRP_CSCAS,CSUTS,EMOD,0,43,0,4,0,3,1,8,0,2
/Plant/CSCER_CSCRP_CSCAS,CSUTS,EMOD2,0,21,0,5,1,2,1,2,0,0
/Plant/CSCER_CSCRP_CSCAS,CSUTS,FINDDIR,0,57,0,5,0,6,2,6,0,4
/Plant/CSCER_CSCRP_CSCAS,CSUTS,FVCHECK,0,73,0,2,0,1,1,7,0,5
/Plant/CSCER_CSCRP_CSCAS,CSUTS,GETPOS,0,9,0,3,0,1,0,0,0,1
/Plant/CSCER_CSCRP_CSCAS,CSUTS,GETSTR,0,8,0,3,0,1,0,0,0,1
/Plant/CSCER_CSCRP_CSCAS,CSUTS,GETSTR1,0,62,0,5,2,9,1,13,0,0
/Plant/CSCER_CSCRP_CSCAS,CSUTS,GETSTRI,0,10,0,3,0,1,0,0,0,1
/Plant/CSCER_CSCRP_CSCAS,CSUTS,GETSTRR,0,12,0,3,0,1,0,0,0,1
/Plant/CSCER_CSCRP_CSCAS,CSUTS,LINECHAR,0,58,0,2,0,8,4,10,0,0
/Plant/CSCER_CSCRP_CSCAS,CSUTS,LINEVALS,0,86,0,2,0,11,6,14,0,0
/Plant/CSCER_CSCRP_CSCAS,CSUTS,LTRIM,0,34,0,1,1,2,1,4,0,1
/Plant/CSCER_CSCRP_CSCAS,CSUTS,LTRIM2,0,18,0,2,1,1,1,3,0,0
/Plant/CSCER_CSCRP_CSCAS,CSUTS,NUMLAYER,0,19,0,2,0,2,1,2,0,0
/Plant/CSCER_CSCRP_CSCAS,CSUTS,SLDEPTH,0,17,0,2,0,2,1,1,0,0
/Plant/CSCER_CSCRP_CSCAS,CSUTS,SLLAYERS,0,20,0,2,0,2,1,3,0,0
/Plant/CSCER_CSCRP_CSCAS,CSUTS,STANDARD,0,83,0,3,0,10,4,13,0,2
/Plant/CSCER_CSCRP_CSCAS,CSUTS,STANDC,0,170,0,5,0,26,6,33,0,4
/Plant/CSCER_CSCRP_CSCAS,CSUTS,START,0,16,0,2,0,1,1,3,0,0
/Plant/CSCER_CSCRP_CSCAS,CSUTS,TFAC4,0,20,0,3,0,4,0,5,0,0
/Plant/CSCER_CSCRP_CSCAS,CSUTS,TFAC424,0,28,0,4,0,6,1,5,0,0
/Plant/CSCER_CSCRP_CSCAS,CSUTS,TFAC4P,0,30,0,4,0,8,0,5,0,0
/Plant/CSCER_CSCRP_CSCAS,CSUTS,TFAC4_0,0,64,0,3,0,27,0,17,0,0
/Plant/CSCER_CSCRP_CSCAS,CSUTS,TFACBETA,0,16,0,3,0,4,0,1,0,1
/Plant/CSCER_CSCRP_CSCAS,CSUTS,TL10FROMI,0,40,0,1,0,7,3,4,0,2
/Plant/CSCER_CSCRP_CSCAS,CSUTS,TL1UPCASE,0,13,0,1,0,1,0,2,0,0
/Plant/CSCER_CSCRP_CSCAS,CSUTS,TVICOLNM,0,64,0,2,0,6,3,12,0,0
/Plant/CSCER_CSCRP_CSCAS,CSUTS,TVIFROMC,0,96,2,1,1,7,1,20,0,4
/Plant/CSCER_CSCRP_CSCAS,CSUTS,TVILENT,0,19,0,1,0,3,1,3,0,0
/Plant/CSCER_CSCRP_CSCAS,CSUTS,TVINSTR,0,19,0,1,0,2,1,3,0,0
/Plant/CSCER_CSCRP_CSCAS,CSUTS,TVRFROMC,0,92,2,1,1,7,1,19,0,4
/Plant/CSCER_CSCRP_CSCAS,CSUTS,TVRFROMCCDE,0,97,2,2,1,7,1,19,0,4
/Plant/CSCER_CSCRP_CSCAS,CSUTS,UCASE,0,12,0,1,1,1,1,0,0,1
/Plant/CSCER_CSCRP_CSCAS,CSUTS,WTHDATA,0,113,1,5,2,15,3,20,0,6
/Plant/CSCER_CSCRP_CSCAS,CSUTS,YVAL,0,44,0,2,0,4,2,5,0,1
/Plant/CSCER_CSCRP_CSCAS,CSUTS,YVAL1,0,55,0,4,0,9,1,10,0,1
/Plant/CSCER_CSCRP_CSCAS,CSUTS,YVALXY,0,44,0,3,0,4,2,5,0,1
/Plant/CSYCA-Cassava,CSYCA,CSYCA,0,61,0,40,0,2,0,8,0,5
/Plant/CSYCA-Cassava,CSYCA_Interface,CSYCA_INTERFACE,0,172,2,30,7,6,2,7,0,19
/Plant/CSYCA-Cassava,YCA_Control_Environment,SETDAYRADIATION,0,6,0,2,1,0,0,0,0,0
/Plant/CSYCA-Cassava,YCA_Control_Environment,SETDEWPOINTTEMP,0,6,0,2,1,0,0,0,0,0
/Plant/CSYCA-Cassava,YCA_Control_Environment,SETTMAX,0,6,0,2,1,0,0,0,0,0
/Plant/CSYCA-Cassava,YCA_Control_Environment,SETTMIN,0,6,0,2,1,0,0,0,0,0
/Plant/CSYCA-Cassava,YCA_Control_Leaf,LEAFAGE,0,5,0,1,1,1,0,0,0,0
/Plant/CSYCA-Cassava,YCA_Control_Leaf,SETLEAFASACTIVE,0,5,0,1,1,0,0,0,0,0
/Plant/CSYCA-Cassava,YCA_Control_Leaf,SETLEAFASFALL,0,5,0,1,1,1,0,0,0,0
/Plant/CSYCA-Cassava,YCA_Control_Leaf,SETLEAFASSENESCING,0,5,0,1,1,1,0,0,0,0
/Plant/CSYCA-Cassava,YCA_Control_VPDEffect,RESETSTOMATALCONDUCTANCE,0,5,0,1,1,0,0,0,0,0
/Plant/CSYCA-Cassava,YCA_Control_VPDEffect,SETSTOMATALCONDUCTANCE,0,6,0,2,1,0,0,0,0,0
/Plant/CSYCA-Cassava,YCA_Control_VPDEffect,SETVPDSENSITIVITY,0,6,0,2,1,0,0,0,0,0
/Plant/CSYCA-Cassava,YCA_Control_VPDEffect,SETVPDTHRESHOLD,0,6,0,2,1,0,0,0,0,0
/Plant/CSYCA-Cassava,YCA_First_Trans_m,CLEAR_YCA_FIRST_TRANS_M,0,472,0,0,0,97,0,0,0,0
/Plant/CSYCA-Cassava,YCA_Growth,YCA_GROWTH,0,29,0,50,0,1,0,2,0,9
/Plant/CSYCA-Cassava,YCA_Growth_Distribute,YCA_GROWTH_DISTRIBUTE,0,144,0,14,3,49,6,30,0,0
/Plant/CSYCA-Cassava,YCA_Growth_Evapo,YCA_GROWTH_EVAPO,0,77,3,28,1,28,1,19,0,5
/Plant/CSYCA-Cassava,YCA_Growth_Init,YCA_GROWTH_INIT,0,122,1,2,0,35,1,31,0,1
/Plant/CSYCA-Cassava,YCA_Growth_NUptake,YCA_GROWTH_NUPTAKE,0,308,0,14,2,106,19,54,0,0
/Plant/CSYCA-Cassava,YCA_Growth_Part,YCA_GROWTH_PART,0,208,2,3,0,80,7,34,0,2
/Plant/CSYCA-Cassava,YCA_Growth_Photo,YCA_GROWTH_PHOTO,0,23,0,8,0,0,0,0,0,0
/Plant/CSYCA-Cassava,YCA_Growth_Rates,YCA_GROWTH_RATES,0,117,0,16,1,24,1,32,0,0
/Plant/CSYCA-Cassava,YCA_Growth_Senesce,YCA_GROWTH_SENESCE,0,74,0,3,0,22,4,11,0,0
/Plant/CSYCA-Cassava,YCA_Integ_AgesWts,YCA_INTEG_AGESWTS,0,140,2,2,0,45,3,32,0,3
/Plant/CSYCA-Cassava,YCA_Integ_EndCrop,YCA_INTEG_ENDCROP,0,72,0,9,0,19,1,15,0,0
/Plant/CSYCA-Cassava,YCA_Integ_HstFail,YCA_INTEG_HSTFAIL,0,70,2,5,1,17,0,14,0,5
/Plant/CSYCA-Cassava,YCA_Integ_LA,YCA_INTEG_LA,0,79,0,7,3,28,7,16,0,0
/Plant/CSYCA-Cassava,YCA_Integ_N,YCA_INTEG_N,0,52,0,2,0,24,3,7,0,0
/Plant/CSYCA-Cassava,YCA_Integ_Nconc,YCA_INTEG_NCONC,0,82,2,2,0,29,8,15,0,1
/Plant/CSYCA-Cassava,YCA_Integ_SeasEnd,YCA_INTEG_SEASEND,0,84,0,10,3,53,5,5,0,0
/Plant/CSYCA-Cassava,YCA_Integ_Stages,YCA_INTEG_STAGES,0,212,0,12,2,87,4,38,0,0
/Plant/CSYCA-Cassava,YCA_Integ_WthrSum,YCA_INTEG_WTHRSUM,0,135,0,19,0,67,1,24,0,1
/Plant/CSYCA-Cassava,YCA_Integrate,YCA_INTEGRATE,0,23,0,43,0,1,0,2,0,8
/Plant/CSYCA-Cassava,YCA_Out_CrpSim,YCA_OUT_CRPSIM,0,49,1,11,0,3,2,8,0,6
/Plant/CSYCA-Cassava,YCA_Out_Error,YCA_OUT_ERROR,0,243,0,4,0,53,9,65,0,6
/Plant/CSYCA-Cassava,YCA_Out_Eval,YCA_OUT_EVAL,0,777,5,19,0,194,11,200,0,73
/Plant/CSYCA-Cassava,YCA_Out_LfTier,YCA_OUT_LFTIER,0,77,0,4,0,14,3,8,0,7
/Plant/CSYCA-Cassava,YCA_Out_ModFail,YCA_OUT_MODFAIL,0,46,0,4,0,15,0,8,0,7
/Plant/CSYCA-Cassava,YCA_Out_PlGrow,YCA_OUT_PLGROW,0,105,1,12,0,10,0,18,0,10
/Plant/CSYCA-Cassava,YCA_Out_PlantSum,YCA_OUT_PLANTSUM,0,36,0,10,0,2,2,6,0,0
/Plant/CSYCA-Cassava,YCA_Out_ReInit,YCA_OUT_REINIT,0,38,0,10,3,3,0,4,0,0
/Plant/CSYCA-Cassava,YCA_Out_Sens,YCA_OUT_SENS,0,56,1,6,0,3,2,7,0,13
/Plant/CSYCA-Cassava,YCA_Out_StoreVars,YCA_OUT_STOREVARS,0,102,0,3,0,31,0,15,0,0
/Plant/CSYCA-Cassava,YCA_Out_Work,YCA_OUT_WORK,0,79,0,11,0,2,0,20,0,0
/Plant/CSYCA-Cassava,YCA_Out_WrkPhenRes,YCA_OUT_WRKPHENRES,0,255,2,9,0,26,12,55,0,2
/Plant/CSYCA-Cassava,YCA_Output,YCA_OUTPUT,0,30,0,38,0,2,0,3,0,12
/Plant/CSYCA-Cassava,YCA_PrePlant,YCA_PREPLANT,0,101,2,17,1,17,3,22,0,1
/Plant/CSYCA-Cassava,YCA_RunInit,YCA_RUNINIT,0,245,4,13,1,31,1,33,0,26
/Plant/CSYCA-Cassava,YCA_SeasInit,YCA_SEASINIT,0,19,0,44,0,0,0,0,0,6
/Plant/CSYCA-Cassava,YCA_SeasInit_Final,YCA_SEASINIT_FINAL,0,271,4,19,1,18,3,53,0,8
/Plant/CSYCA-Cassava,YCA_SeasInit_PlHarvDat,YCA_SEASINIT_PLHARVDAT,0,33,1,2,0,10,0,10,0,1
/Plant/CSYCA-Cassava,YCA_SeasInit_ReadGeno,YCA_SEASINIT_READGENO,0,414,5,9,0,55,0,73,0,172
/Plant/CSYCA-Cassava,YCA_SeasInit_ReadXfile,YCA_SEASINIT_READXFILE,0,163,5,7,0,19,4,21,0,76
/Plant/CSYCA-Cassava,YCA_SeasInit_SetStage,YCA_SEASINIT_SETSTAGE,0,221,2,9,1,33,12,77,0,5
/Plant/CSYCA-Cassava,YCA_SeasInit_VarInit,YCA_SEASINIT_VARINIT,0,495,0,21,0,100,0,0,0,1
/Plant/FORAGE,for_asmdm,FOR_ASMDM,0,32,0,6,4,8,0,8,0,0
/Plant/FORAGE,for_canopy,FOR_CANOPY,0,133,3,14,3,15,3,23,0,18
/Plant/FORAGE,for_ch2oref,FOR_CH2OREF,0,175,3,44,6,25,0,35,0,41
/Plant/FORAGE,for_demand,FOR_DEMAND,0,362,4,132,33,115,7,45,0,6
/Plant/FORAGE,for_demand,FOR_IPDMND,0,244,3,83,1,10,2,65,0,70
/Plant/FORAGE,for_dormancy,FOR_DORMANCY,0,147,3,25,9,15,1,34,0,11
/Plant/FORAGE,for_freeze,FOR_FREEZE,0,36,2,33,7,10,0,2,0,1
/Plant/FORAGE,for_grow,FOR_GROW,0,828,4,256,124,269,1,146,0,4
/Plant/FORAGE,for_grow,FOR_IPGROW,0,163,3,76,1,7,2,41,0,48
/Plant/FORAGE,for_grow,FOR_STRESS,0,37,2,20,11,11,0,3,0,2
/Plant/FORAGE,for_harv,FORAGE_HARVEST,0,196,3,34,20,39,3,23,0,9
/Plant/FORAGE,for_hres_cgro,FOR_HRES_CGRO,0,75,0,26,1,24,5,5,0,0
/Plant/FORAGE,for_incomp,FOR_INCOMP,0,105,3,20,13,14,1,25,0,20
/Plant/FORAGE,for_ipparm,FOR_IPPARM,0,68,1,7,4,2,2,11,0,2
/Plant/FORAGE,for_ippest,FOR_IPPEST,0,38,3,7,0,3,0,6,0,4
/Plant/FORAGE,for_ipphenol,FOR_IPPHENOL,0,129,3,27,4,15,2,22,0,15
/Plant/FORAGE,for_ipplnt,FOR_IPPLNT,0,228,3,58,3,15,0,63,0,63
/Plant/FORAGE,for_ipprog,FOR_IPPROG,0,118,2,12,6,11,3,18,0,5
/Plant/FORAGE,for_lindm,FOR_LINDM,0,44,0,5,1,11,2,8,0,0
/Plant/FORAGE,for_mobil,FOR_MOBIL,0,61,0,39,16,11,0,4,0,0
/Plant/FORAGE,for_nfix,FOR_NFIX,0,190,3,25,8,40,5,35,0,21
/Plant/FORAGE,for_nuptak,FOR_NUPTAK,0,143,3,25,7,40,6,26,0,4
/Plant/FORAGE,for_opgrow,FOR_OPGROW,0,211,1,161,1,12,0,38,0,19
/Plant/FORAGE,for_opharv,FOR_OPHARV,0,244,6,36,7,41,0,40,0,22
/Plant/FORAGE,for_opharv,FOR_STNAMES,0,270,0,3,1,0,1,1,17,0
/Plant/FORAGE,for_opmob,FOR_OPMOB,0,58,1,165,2,2,0,9,0,3
/Plant/FORAGE,for_oppest,FOR_OPPEST,0,72,1,29,0,3,0,11,0,5
/Plant/FORAGE,for_opview,FOR_OPVIEW,0,151,5,16,0,9,3,27,0,10
/Plant/FORAGE,for_pest,FOR_PEST,0,98,4,50,0,1,0,5,0,19
/Plant/FORAGE,for_pestcp,FOR_PESTCP,0,332,0,75,50,100,2,98,0,0
/Plant/FORAGE,for_phenol,FOR_PHENOL,0,155,4,41,7,24,4,18,0,6
/Plant/FORAGE,for_phenol,FOR_VSTAGES,0,54,0,18,2,9,0,14,0,0
/Plant/FORAGE,for_photo,FOR_PHOTIP,0,77,3,18,1,4,0,17,0,17
/Plant/FORAGE,for_photo,FOR_PHOTO,0,66,4,16,2,16,0,11,0,1
/Plant/FORAGE,for_plantnbal,FOR_PLANTNBAL,0,47,1,27,0,3,0,3,0,2
/Plant/FORAGE,for_poddet,FOR_PODDET,0,150,3,13,7,37,7,29,0,9
/Plant/FORAGE,for_pods,FOR_PODCOMP,0,120,3,13,6,26,3,28,0,10
/Plant/FORAGE,for_pods,FOR_PODS,0,432,4,41,1,99,11,83,0,27
/Plant/FORAGE,for_respir,FOR_RESPIR,0,35,0,25,3,8,2,6,0,0
/Plant/FORAGE,for_rootdm,FOR_ROOTDM,0,80,0,17,9,26,4,12,0,0
/Plant/FORAGE,for_roots,FOR_INROOT,0,53,0,12,2,13,4,7,0,0
/Plant/FORAGE,for_roots,FOR_IPROOT,0,47,3,13,0,2,0,9,0,9
/Plant/FORAGE,for_roots,FOR_ROOTS,0,135,4,37,9,31,3,20,0,2
/Plant/FORAGE,for_rstages,FOR_RSTAGES,0,233,0,35,21,51,2,36,0,0
/Plant/FORAGE,for_sdcomp,FOR_SDCOMP,0,38,0,21,5,16,0,5,0,0
/Plant/FORAGE,for_seeddm,FOR_SEEDDM,0,257,0,53,37,113,4,36,0,0
/Plant/FORAGE,for_senmob,FOR_SENMOB,0,449,3,102,49,100,7,54,0,51
/Plant/FORAGE,for_vegdm,FOR_VEGDM,0,142,0,46,15,53,0,31,0,0
/Plant/FORAGE,for_veggr,FOR_VEGGR,0,364,4,174,50,107,2,52,0,38
/Plant/FORAGE,for_veggr,NLKDIST,0,80,0,49,27,45,1,8,0,0
/Plant/FORAGE,forage,FORAGE,0,457,5,30,3,51,0,62,0,71
/Plant/Generic-Pest,ASMDM,ASMDM,0,32,0,6,4,8,0,8,0,0
/Plant/Generic-Pest,IPPARM,IPPARM,0,67,1,7,3,2,3,12,0,2
/Plant/Generic-Pest,IPPEST,IPPEST,0,39,1,8,0,10,0,10,0,3
/Plant/Generic-Pest,IPPROG,IPPROG,0,133,2,12,6,13,3,22,0,5
/Plant/Generic-Pest,LINDM,LINDM,0,44,0,5,1,8,2,9,0,0
/Plant/Generic-Pest,OPPEST,OPPEST,0,64,1,29,0,3,0,8,0,4
/Plant/Generic-Pest,PEST,PEST,0,96,3,38,0,1,0,8,0,19
/Plant/Generic-Pest,PESTCP,PESTCP,0,323,0,71,46,98,2,94,0,3
/Plant/Generic-Pest,ROOTDM,ROOTDM,0,83,0,17,9,26,4,12,0,0
/Plant/Generic-Pest,SEEDDM,SEEDDM,0,255,0,53,37,113,3,36,0,0
/Plant/Generic-Pest,VEGDM,VEGDM,0,122,0,31,9,41,0,24,0,0
/Plant/Generic-PlantP,OpPlantP,OPPLANTP,0,152,1,39,0,27,0,18,0,9
/Plant/Generic-PlantP,PPlantSubs,P_DEMAND,0,152,0,31,9,67,0,26,0,0
/Plant/Generic-PlantP,PPlantSubs,P_PARTITION,0,59,0,19,4,25,0,10,0,0
/Plant/Generic-PlantP,P_CASUPRO,P_CASUPRO,0,97,5,28,1,7,1,5,0,5
/Plant/Generic-PlantP,P_CASUPRO,ROOTSOILVOL,0,13,0,12,0,0,0,0,0,0
/Plant/Generic-PlantP,P_CERES,P_CERES,0,112,0,35,2,22,1,7,0,4
/Plant/Generic-PlantP,P_CERES,ROOTSOILVOL,0,13,0,12,0,0,0,0,0,0
/Plant/Generic-PlantP,P_CGRO,P_CGRO,0,95,5,36,2,15,1,7,0,3
/Plant/Generic-PlantP,P_CGRO,ROOTSOILVOL,0,13,0,12,0,0,0,0,0,0
/Plant/Generic-PlantP,P_IPPLNT,P_IPPLNT,0,122,3,20,1,9,0,29,0,23
/Plant/Generic-PlantP,P_Plant,P_PLANT,0,212,4,37,12,39,1,26,0,7
/Plant/Generic-PlantP,P_Uptake,P_UPTAKE,0,70,2,10,3,10,3,10,0,2
/Plant/Generic-PlantP,RootSoilVol,ROOTSOILVOL,0,112,3,12,1,21,3,25,3,8
/Plant/NWHEAT,WH_APSIM,WH_APSIM,0,323,7,36,7,8,3,17,0,28
/Plant/NWHEAT,WH_COLD,WH_COLD,0,178,2,28,11,33,0,3,0,4
/Plant/NWHEAT,WH_GROSUB,WH_GROSUB,0,1804,3,158,93,241,3,134,0,110
/Plant/NWHEAT,WH_KUPTAK,WH_KUPTAK,0,28,0,7,2,4,1,3,0,0
/Plant/NWHEAT,WH_NFACTO,NWHEATS_SET_NCONC,0,43,0,6,2,8,0,0,0,0
/Plant/NWHEAT,WH_NFACTO,NWHEATS_SET_NFACT,0,56,0,8,1,7,0,0,0,0
/Plant/NWHEAT,WH_NFACTO,WH_NFACTO,0,45,0,1,0,8,0,5,0,0
/Plant/NWHEAT,WH_NUPTAK,GRN_PTL,0,41,0,13,4,6,1,2,0,0
/Plant/NWHEAT,WH_OPGROW,WH_OPGROW,0,132,1,43,0,24,2,15,0,4
/Plant/NWHEAT,WH_OPHARV,WH_OPHARV,0,259,6,38,3,39,0,38,0,21
/Plant/NWHEAT,WH_OPNIT,WH_OPNIT,0,68,1,20,0,4,1,9,0,3
/Plant/NWHEAT,WH_PHENOL,STAGEFLAGS,0,165,0,23,11,20,2,3,0,0
/Plant/NWHEAT,WH_PHENOL,WH_PHENOL,0,724,3,67,30,92,3,75,0,65
/Plant/NWHEAT,WH_ROOTS,NWHEATS_ADD_SEN_ROOTS,0,24,0,6,1,0,0,0,0,0
/Plant/NWHEAT,WH_ROOTS,NWHEATS_AD_RTLOSS,0,113,0,11,6,12,0,0,0,0
/Plant/NWHEAT,WH_ROOTS,NWHEATS_ROOT_DISTRIB,0,52,0,5,1,4,0,0,0,0
/Plant/NWHEAT,WH_ROOTS,NWHEATS_RTDP,0,94,0,21,3,13,0,4,0,0
/Plant/NWHEAT,WH_ROOTS,NWHEATS_RTLV,0,110,0,22,2,15,0,0,0,0
/Plant/NWHEAT,WH_ROOTS,NWHEATS_SET_ADF,0,105,0,21,4,5,0,0,0,0
/Plant/NWHEAT,WH_SW_SUBS,ADD_REAL_ARRAY,0,9,0,3,1,1,0,0,0,0
/Plant/NWHEAT,WH_SW_SUBS,NWHEATS_CWDMD,0,48,0,11,2,6,0,0,0,0
/Plant/NWHEAT,WH_SW_SUBS,NWHEATS_CWPOT,0,61,0,12,2,13,0,0,0,0
/Plant/NWHEAT,WH_SW_SUBS,NWHEATS_RNFAC,0,25,0,5,1,5,0,0,0,0
/Plant/NWHEAT,WH_SW_SUBS,NWHEATS_RTDP_SWF,0,49,0,9,1,11,0,0,0,0
/Plant/NWHEAT,WH_SW_SUBS,NWHEATS_SWAFC,0,29,0,6,1,7,0,0,0,0
/Plant/NWHEAT,WH_SW_SUBS,NWHEATS_WATUP_NEW,0,65,0,11,3,5,0,0,0,0
/Plant/NWHEAT,WH_SW_SUBS,SET_SWDEF_NEW,0,112,0,9,1,36,0,0,0,0
/Plant/NWHEAT,WH_SW_SUBS,SUBTRACT_REAL_ARRAY,0,11,0,3,1,1,0,0,0,0
/Plant/NWHEAT,WH_temp,BOUND_CHECK_REAL_VAR,0,28,2,5,0,0,0,2,0,3
/Plant/NWHEAT,WH_temp,NWHEATS_FAC,0,14,0,3,1,2,0,0,0,0
/Plant/NWHEAT,WH_temp,NWHEATS_GERMN,0,36,0,6,1,3,0,0,0,0
/Plant/NWHEAT,WH_temp,NWHEATS_GNDMD,0,30,0,6,1,5,0,0,0,0
/Plant/NWHEAT,WH_temp,NWHEATS_GRNIT,0,81,0,20,1,8,0,0,0,0
/Plant/NWHEAT,WH_temp,NWHEATS_LYRCK,0,27,0,2,0,1,0,0,0,0
/Plant/NWHEAT,WH_temp,NWHEATS_NDMD,0,52,0,8,1,6,0,0,0,0
/Plant/NWHEAT,WH_temp,NWHEATS_NSUPPLY,0,77,0,13,2,13,0,0,0,0
/Plant/NWHEAT,WH_temp,NWHEATS_NUPTK,0,89,0,24,3,9,0,0,0,1
/Plant/NWHEAT,WH_temp,NWHEATS_PLNIN,0,53,0,7,1,15,0,0,0,0
/Plant/ORYZA,GPPARGET,GPPARGET,0,25,0,6,2,4,0,0,0,0
/Plant/ORYZA,GPPARSET,GPPARSET,0,6,0,6,0,0,0,0,0,0
/Plant/ORYZA,G_Exper,EXPERIMENTFILEEDIT,0,244,1,30,1,33,6,28,0,4
/Plant/ORYZA,G_Soil,SOILFILEEDIT,0,36,1,12,0,1,0,2,0,1
/Plant/ORYZA,Ncrop3,NCROP3,0,370,11,35,12,90,6,56,0,38
/Plant/ORYZA,Ncrop3,SUBNBC3,0,12,0,5,2,2,0,1,0,0
/Plant/ORYZA,NightT,TSHIFT,0,76,0,18,2,19,5,21,0,0
/Plant/ORYZA,Nnostress2,NNOSTRESS2,0,39,10,14,3,1,0,6,0,4
/Plant/ORYZA,ORYZA1,ORYZA1,0,884,11,53,22,130,5,175,0,216
/Plant/ORYZA,ORYZA_Interface,ORYZA_INTERFACE,0,361,12,33,17,27,6,36,2,30
/Plant/ORYZA,ORYZA_Interface,OR_IPRICE,0,124,3,21,11,15,1,16,3,6
/Plant/ORYZA,ORYZA_Interface,SET_ZERO_PV,0,36,0,0,0,0,0,0,0,0
/Plant/ORYZA,OR_Opgrow,OR_OPGROW,0,132,1,31,0,19,2,21,3,5
/Plant/ORYZA,OR_Opharv,OR_OPHARV,0,230,6,20,0,28,0,38,0,18
/Plant/ORYZA,OR_PHENOL,OR_PHENOL,0,30,0,15,2,9,0,9,0,0
/Plant/ORYZA,OR_ROOTG,ROOTG,0,461,0,6,2,128,23,78,0,0
/Plant/ORYZA,PARTITION,PARTITION_K,0,34,1,13,6,12,0,6,0,3
/Plant/ORYZA,SASTRO,SASTRO,0,36,0,10,8,16,0,4,0,0
/Plant/ORYZA,SGPC1,SGPC1,0,23,2,10,2,5,1,0,0,1
/Plant/ORYZA,SGPC2,SGPC2,0,48,2,10,2,13,2,3,0,3
/Plant/ORYZA,SGPCDT,SGPCDT,0,34,3,14,2,5,1,3,0,5
/Plant/ORYZA,SGPL,SGPL,0,35,1,11,2,6,1,4,0,2
/Plant/ORYZA,SRDPRF,SRDPRF,0,20,0,9,3,12,0,0,0,0
/Plant/ORYZA,SSKYC,SSKYC,0,30,0,10,3,9,0,6,0,0
/Plant/ORYZA,SUBCBC,SUBCBC,0,12,0,5,2,2,0,1,0,0
/Plant/ORYZA,SUBCD2,SUBCD2,0,13,0,5,1,1,0,3,0,0
/Plant/ORYZA,SUBDD,SUBDD,0,20,0,6,1,5,1,2,0,0
/Plant/ORYZA,SUBGRN,SUBGRN,0,48,0,16,7,13,0,7,0,0
/Plant/ORYZA,SUBLAI3,SUBLAI3,0,113,0,20,2,26,0,32,0,0
/Plant/ORYZA,SVPS1,SVPS1,0,9,0,3,2,2,0,1,0,0
/Plant/ORYZA,WStress2,EDROGHT,0,24,1,13,2,13,0,0,0,1
/Plant/ORYZA,WStress2,F,0,6,0,2,1,1,0,0,0,0
/Plant/ORYZA,WStress2,FINTEGRATION,0,17,0,5,1,1,0,0,0,0
/Plant/ORYZA,WStress2,FSWT,0,100,0,16,4,22,1,36,0,0
/Plant/ORYZA,WStress2,WSTRESS2,0,237,10,22,7,42,14,41,0,17
/Plant/ORYZA,quadpack,AAAA,0,3,0,0,0,0,0,0,0,0
/Plant/ORYZA,quadpack,PI,0,6,0,0,0,1,0,0,0,0
/Plant/ORYZA,quadpack,QAG,0,22,0,10,0,0,0,0,0,0
/Plant/ORYZA,quadpack,QAGE,0,189,0,17,10,26,0,0,0,0
/Plant/ORYZA,quadpack,QAGI,0,276,0,9,4,43,0,0,0,0
/Plant/ORYZA,quadpack,QAGP,0,355,0,11,4,67,0,0,0,0
/Plant/ORYZA,quadpack,QAGS,0,253,0,9,4,38,0,0,0,0
/Plant/ORYZA,quadpack,QAWC,0,22,0,10,0,0,0,0,0,0
/Plant/ORYZA,quadpack,QAWCE,0,156,0,17,10,20,0,0,0,0
/Plant/ORYZA,quadpack,QAWF,0,37,0,9,4,2,0,0,0,0
/Plant/ORYZA,quadpack,QAWFE,0,168,0,23,8,41,0,0,0,0
/Plant/ORYZA,quadpack,QAWO,0,26,0,11,0,0,0,0,0,0
/Plant/ORYZA,quadpack,QAWS,0,24,0,12,0,0,0,0,0,0
/Plant/ORYZA,quadpack,QAWSE,0,166,0,19,10,25,0,0,0,0
/Plant/ORYZA,quadpack,QC25C,0,86,0,8,4,29,0,0,0,0
/Plant/ORYZA,quadpack,QC25O,0,213,0,15,7,93,0,0,0,0
/Plant/ORYZA,quadpack,QC25S,0,194,0,16,3,95,0,0,0,0
/Plant/ORYZA,quadpack,QCHEB,0,107,0,4,3,79,0,0,0,0
/Plant/ORYZA,quadpack,QEXTR,0,122,0,6,6,28,0,0,0,0
/Plant/ORYZA,quadpack,QFOUR,0,282,0,22,11,49,0,0,0,0
/Plant/ORYZA,quadpack,QK15,0,78,0,7,4,29,0,0,0,0
/Plant/ORYZA,quadpack,QK15I,0,83,0,9,4,30,0,0,0,0
/Plant/ORYZA,quadpack,QK15W,0,89,0,13,4,35,0,0,0,0
/Plant/ORYZA,quadpack,QK21,0,78,0,7,4,29,0,0,0,0
/Plant/ORYZA,quadpack,QK31,0,76,0,7,4,28,0,0,0,0
/Plant/ORYZA,quadpack,QK41,0,76,0,7,4,28,0,0,0,0
/Plant/ORYZA,quadpack,QK51,0,80,0,7,4,29,0,0,0,0
/Plant/ORYZA,quadpack,QK61,0,83,0,7,4,29,0,0,0,0
/Plant/ORYZA,quadpack,QMOMO,0,73,0,7,4,29,0,0,0,0
/Plant/ORYZA,quadpack,QNG,0,151,0,9,4,46,0,0,0,0
/Plant/ORYZA,quadpack,QSORT,0,65,0,7,4,11,0,0,0,0
/Plant/ORYZA,quadpack,QWGTC,0,12,0,6,0,1,0,0,0,0
/Plant/ORYZA,quadpack,QWGTO,0,16,0,6,0,2,0,0,0,0
/Plant/ORYZA,quadpack,QWGTS,0,20,0,6,0,4,0,0,0,0
/Plant/ORYZA,quadpack,R_SWAP,0,10,0,2,2,0,0,0,0,0
/Plant/ORYZA,quadpack,TIMESTAMP,0,46,0,0,0,2,0,0,0,0
/Plant/ORYZA,wnostress,POTENTIAL_SOIL,0,41,1,15,6,3,1,6,0,1
/Plant/ORYZA,wnostress,WNOSTRESS,0,28,0,10,7,3,1,2,0,0
/Plant/ORYZA/OP_OBS,DS1900,DS1900,0,6,0,3,1,1,0,0,0,0
/Plant/ORYZA/OP_OBS,GETOBS,GETOBS,0,14,11,3,1,0,0,1,0,1
/Plant/ORYZA/OP_OBS,INDEXX,INDEXX,0,42,0,3,1,7,1,7,0,0
/Plant/ORYZA/OP_OBS,INQOBS,INQOBS,0,13,11,3,1,0,0,0,0,1
/Plant/ORYZA/OP_OBS,INTGR2,INTGR2,0,18,11,6,1,1,0,2,0,1
/Plant/ORYZA/OP_OBS,OBSINI,OBSINI,0,18,11,0,0,1,0,0,0,1
/Plant/ORYZA/OP_OBS,OBSSYS,OBSSYS,0,248,10,8,4,36,10,48,0,15
/Plant/ORYZA/OP_OBS,OBSTRG,OBSTRG,0,18,11,4,1,0,0,2,0,1
/Plant/ORYZA/OP_OBS,OPCF,OPCF,0,19,10,5,0,5,0,0,0,1
/Plant/ORYZA/OP_OBS,OPINIT,OPINIT,0,21,10,0,0,9,0,0,0,1
/Plant/ORYZA/OP_OBS,OPNF,OPNF,0,19,10,5,0,4,0,0,0,1
/Plant/ORYZA/OP_OBS,OPREAD,OPREAD,0,21,10,1,0,8,0,0,0,1
/Plant/ORYZA/OP_OBS,OPSC,OPSC,0,14,10,9,0,2,0,0,0,1
/Plant/ORYZA/OP_OBS,OPSTOR,OPSTOR,0,21,10,2,0,8,0,0,0,1
/Plant/ORYZA/OP_OBS,OPSYS,OPSYS,0,168,9,12,0,21,16,27,0,10
/Plant/ORYZA/OP_OBS,OPWRITE,OPWRITE,0,21,10,1,0,8,0,0,0,1
/Plant/ORYZA/OP_OBS,TTHEAD,TTHEAD,0,21,1,15,0,3,0,0,0,1
/Plant/ORYZA/ttutil,INSW,INSW,0,11,0,4,1,0,0,2,0,0
/Plant/ORYZA/ttutil,INTGRL,INTGRL,0,7,0,4,1,1,0,0,0,0
/Plant/ORYZA/ttutil,LIMIT,LIMIT,0,18,1,4,1,3,0,4,0,1
/Plant/ORYZA/ttutil,LINT2,LINT2,0,49,1,5,1,12,1,17,0,1
/Plant/ORYZA/ttutil,TIMER2,TIMER2,0,108,1,11,6,13,1,38,0,3
/Plant/ORYZA/ttutil,addinf,ADDINF,0,16,0,4,2,4,0,1,0,0
/Plant/ORYZA/ttutil,addint,ADDINT,0,16,0,3,2,3,0,1,0,0
/Plant/ORYZA/ttutil,addrea,ADDREA,0,19,0,4,2,4,0,1,0,0
/Plant/ORYZA/ttutil,addref,ADDREF,0,17,0,4,2,4,0,1,0,0
/Plant/ORYZA/ttutil,addstf,ADDSTF,0,13,0,3,2,2,0,2,0,0
/Plant/ORYZA/ttutil,addstr,ADDSTR,0,19,1,3,2,4,0,2,0,1
/Plant/ORYZA/ttutil,ambusy,AMBUSY,0,28,1,3,1,1,0,5,0,2
/Plant/ORYZA/ttutil,copfl2,COPFL2,0,39,1,4,0,4,1,5,0,1
/Plant/ORYZA/ttutil,decchk,DECCHK,0,11,7,2,1,0,0,0,0,2
/Plant/ORYZA/ttutil,decdou,DECDOU,0,28,7,3,2,0,0,5,0,2
/Plant/ORYZA/ttutil,decint,DECINT,0,19,7,3,2,0,0,2,0,2
/Plant/ORYZA/ttutil,decrea,DECREA,0,28,7,3,2,0,0,5,0,2
/Plant/ORYZA/ttutil,decrec,DECREC,0,46,8,3,0,2,1,11,0,4
/Plant/ORYZA/ttutil,dectim,DECTIM,0,20,7,3,2,0,0,2,0,2
/Plant/ORYZA/ttutil,delfil,DELFIL,0,24,2,2,0,0,0,5,0,2
/Plant/ORYZA/ttutil,dtardp,DTARDP,0,17,2,3,1,0,0,1,0,2
/Plant/ORYZA/ttutil,dtdpar,DTDPAR,0,20,2,3,2,0,1,1,0,2
/Plant/ORYZA/ttutil,dtdpst,DTDPST,0,135,3,3,1,15,4,33,0,6
/Plant/ORYZA/ttutil,dtfsecmp,DTFSECMP,0,21,0,5,1,2,0,7,0,0
/Plant/ORYZA/ttutil,dtfsedp,DTFSEDP,0,20,3,4,1,1,0,0,0,1
/Plant/ORYZA/ttutil,dtleap,DTLEAP,0,9,0,2,1,0,0,2,0,0
/Plant/ORYZA/ttutil,dtnow,DTNOW,0,13,0,1,1,0,0,0,0,0
/Plant/ORYZA/ttutil,dtsys,DTSYS,0,166,1,6,5,42,1,35,0,1
/Plant/ORYZA/ttutil,entcha,ENTCHA,0,20,0,2,0,1,0,2,0,0
/Plant/ORYZA/ttutil,entdch,ENTDCH,0,15,2,3,1,0,0,2,0,1
/Plant/ORYZA/ttutil,entddo,ENTDDO,0,28,7,3,1,0,0,5,0,4
/Plant/ORYZA/ttutil,entdin,ENTDIN,0,28,7,3,1,0,0,5,0,4
/Plant/ORYZA/ttutil,entdou,ENTDOU,0,25,7,2,1,0,0,4,0,4
/Plant/ORYZA/ttutil,entdre,ENTDRE,0,28,7,3,1,0,0,5,0,4
/Plant/ORYZA/ttutil,entdti,ENTDTI,0,28,7,3,1,0,0,5,0,5
/Plant/ORYZA/ttutil,entdyn,ENTDYN,0,41,7,3,1,1,0,10,0,6
/Plant/ORYZA/ttutil,enthlp,ENTHLP,0,24,1,3,0,6,0,2,0,1
/Plant/ORYZA/ttutil,entint,ENTINT,0,25,7,2,1,0,0,4,0,4
/Plant/ORYZA/ttutil,entrea,ENTREA,0,25,7,2,1,0,0,4,0,4
/Plant/ORYZA/ttutil,enttim,ENTTIM,0,25,7,2,1,0,0,4,0,4
/Plant/ORYZA/ttutil,entyno,ENTYNO,0,34,7,2,1,1,0,7,0,6
/Plant/ORYZA/ttutil,extens,EXTENS,0,70,2,4,1,8,1,12,0,11
/Plant/ORYZA/ttutil,fatalerr,FATALERR,0,42,0,2,0,1,0,0,0,0
/Plant/ORYZA/ttutil,flexist,FLEXIST,0,14,2,2,1,0,0,0,0,1
/Plant/ORYZA/ttutil,flname,FLNAME,0,7,1,1,0,0,0,0,0,1
/Plant/ORYZA/ttutil,fopengstandard,FOPENG,0,165,0,6,0,11,0,0,0,0
/Plant/ORYZA/ttutil,fopengstandard,FOPERR,0,18,0,7,0,7,0,0,0,0
/Plant/ORYZA/ttutil,fopens,FOPENS,0,12,1,4,0,0,0,0,0,1
/Plant/ORYZA/ttutil,getrec,GETREC,0,18,0,3,1,1,0,0,0,0
/Plant/ORYZA/ttutil,getun,GETUN,0,19,0,3,1,2,0,3,0,0
/Plant/ORYZA/ttutil,getun2,GETUN2,0,37,0,4,1,4,1,10,0,0
/Plant/ORYZA/ttutil,ifindi,IFINDI,0,30,1,6,1,5,1,4,0,1
/Plant/ORYZA/ttutil,istart,ISTART,0,15,0,2,1,0,1,1,0,0
/Plant/ORYZA/ttutil,iunifl,IUNIFL,0,16,0,3,1,2,0,0,0,0
/Plant/ORYZA/ttutil,lint,LINT,0,72,1,4,2,11,1,23,0,1
/Plant/ORYZA/ttutil,lowerc,LOWERC,0,12,0,1,0,1,1,1,0,0
/Plant/ORYZA/ttutil,messini,MESSINI,0,30,0,3,0,0,0,1,0,0
/Plant/ORYZA/ttutil,messinq,MESSINQ,0,16,0,3,3,0,0,0,0,0
/Plant/ORYZA/ttutil,messwrt,MESSWRT,0,22,1,2,0,0,0,9,0,1
/Plant/ORYZA/ttutil,movavr,MOVAVR,0,42,0,5,1,6,3,5,0,0
/Plant/ORYZA/ttutil,notnul,NOTNUL,0,11,0,2,1,0,0,2,0,0
/Plant/ORYZA/ttutil,openlogf,OPENLOGF,0,36,0,6,0,2,0,0,0,0
/Plant/ORYZA/ttutil,outar2,OUTAR2,0,57,4,6,0,3,2,19,0,4
/Plant/ORYZA/ttutil,outcom,OUTCOM,0,37,2,1,0,1,1,9,0,2
/Plant/ORYZA/ttutil,outdat,MEMALLOCATED,0,3,0,1,1,0,0,0,0,0
/Plant/ORYZA/ttutil,outdat,MEMDEALLOCATE,0,3,0,0,0,0,0,0,0,0
/Plant/ORYZA/ttutil,outdat,MEMREAD,0,19,0,6,5,1,0,0,0,0
/Plant/ORYZA/ttutil,outdat,MEMWRITE,0,25,0,5,0,2,0,0,0,0
/Plant/ORYZA/ttutil,outdat,OUTARR,0,6,0,5,0,0,0,0,0,0
/Plant/ORYZA/ttutil,outdat,OUTDAT,0,721,3,4,0,82,27,160,0,81
/Plant/ORYZA/ttutil,outplt,OUTPLT,0,226,2,2,0,18,13,50,0,7
/Plant/ORYZA/ttutil,outsel,OUTSEL,0,20,0,5,0,0,1,5,0,0
/Plant/ORYZA/ttutil,parsword,PARSWORD,0,32,6,6,5,1,0,2,0,5
/Plant/ORYZA/ttutil,rchrsrc,RCHRSRC,0,19,0,5,1,1,0,1,0,0
/Plant/ORYZA/ttutil,rdacha,RDACHA,0,17,9,4,0,0,0,0,0,1
/Plant/ORYZA/ttutil,rdador,RDADOR,0,36,9,6,0,2,1,6,0,3
/Plant/ORYZA/ttutil,rdadou,RDADOU,0,18,9,4,0,0,0,0,0,1
/Plant/ORYZA/ttutil,rdainr,RDAINR,0,36,9,6,0,2,1,6,0,3
/Plant/ORYZA/ttutil,rdaint,RDAINT,0,17,9,4,0,0,0,0,0,1
/Plant/ORYZA/ttutil,rdalog,RDALOG,0,18,9,4,0,0,0,0,0,1
/Plant/ORYZA/ttutil,rdarea,RDAREA,0,18,9,4,0,0,0,0,0,1
/Plant/ORYZA/ttutil,rdarer,RDARER,0,36,9,6,0,2,1,6,0,3
/Plant/ORYZA/ttutil,rdatim,RDATIM,0,18,9,4,0,0,0,0,0,1
/Plant/ORYZA/ttutil,rddata,RDDATA,0,863,8,6,1,60,19,202,0,35
/Plant/ORYZA/ttutil,rddtmp,RDDTMP,0,14,9,1,0,0,0,0,0,1
/Plant/ORYZA/ttutil,rderr,RDERR,0,76,2,2,0,8,1,21,0,3
/Plant/ORYZA/ttutil,rderri,RDERRI,0,19,0,5,0,0,0,0,0,0
/Plant/ORYZA/ttutil,rdfcha,RDFCHA,0,17,9,4,0,0,0,0,0,1
/Plant/ORYZA/ttutil,rdfdor,RDFDOR,0,36,9,6,0,2,1,6,0,3
/Plant/ORYZA/ttutil,rdfdou,RDFDOU,0,18,9,4,0,0,0,0,0,1
/Plant/ORYZA/ttutil,rdfinr,RDFINR,0,36,9,6,0,2,1,6,0,3
/Plant/ORYZA/ttutil,rdfint,RDFINT,0,17,9,4,0,0,0,0,0,1
/Plant/ORYZA/ttutil,rdflog,RDFLOG,0,18,9,4,0,0,0,0,0,1
/Plant/ORYZA/ttutil,rdfrea,RDFREA,0,18,9,4,0,0,0,0,0,1
/Plant/ORYZA/ttutil,rdfrer,RDFRER,0,36,9,6,0,2,1,6,0,3
/Plant/ORYZA/ttutil,rdfrom,RDFROM,0,21,9,2,0,0,0,2,0,1
/Plant/ORYZA/ttutil,rdftim,RDFTIM,0,18,9,4,0,0,0,0,0,1
/Plant/ORYZA/ttutil,rdinar,RDINAR,0,27,1,2,1,0,0,6,0,1
/Plant/ORYZA/ttutil,rdindt,RDINDT,0,24,1,2,1,0,0,6,0,1
/Plant/ORYZA/ttutil,rdindx,RDINDX,0,113,7,7,1,5,1,23,0,15
/Plant/ORYZA/ttutil,rdinit,RDINIT,0,17,9,3,0,0,0,0,0,1
/Plant/ORYZA/ttutil,rdinlv,RDINLV,0,38,1,4,2,0,2,10,0,2
/Plant/ORYZA/ttutil,rdinne,RDINNE,0,36,3,2,1,1,0,10,0,2
/Plant/ORYZA/ttutil,rdinqr,RDINQR,0,15,9,2,1,0,0,0,0,1
/Plant/ORYZA/ttutil,rdinqr2,RDINQR2,0,22,1,2,1,0,0,4,0,1
/Plant/ORYZA/ttutil,rdinqr3,RDINQR3,0,17,1,2,1,0,0,1,0,1
/Plant/ORYZA/ttutil,rdlex,RDDECD,0,105,3,2,0,24,2,27,0,2
/Plant/ORYZA/ttutil,rdlex,RDDECI,0,40,3,2,0,7,1,8,0,1
/Plant/ORYZA/ttutil,rdlex,RDDECL,0,22,3,2,0,0,0,5,0,3
/Plant/ORYZA/ttutil,rdlex,RDDECT,0,99,4,2,0,6,1,17,0,12
/Plant/ORYZA/ttutil,rdlex,RDLEX,0,137,5,1,0,9,2,21,0,5
/Plant/ORYZA/ttutil,rdmcha,RDMCHA,0,15,9,1,0,0,0,0,0,1
/Plant/ORYZA/ttutil,rdmdef,RDMDEF,0,14,9,0,0,0,0,0,0,1
/Plant/ORYZA/ttutil,rdmdou,RDMDOU,0,16,9,1,0,0,0,0,0,1
/Plant/ORYZA/ttutil,rdmint,RDMINT,0,16,9,1,0,0,0,0,0,1
/Plant/ORYZA/ttutil,rdmlog,RDMLOG,0,16,9,1,0,0,0,0,0,1
/Plant/ORYZA/ttutil,rdmrea,RDMREA,0,16,9,1,0,0,0,0,0,1
/Plant/ORYZA/ttutil,rdmtim,RDMTIM,0,16,9,1,0,0,0,0,0,1
/Plant/ORYZA/ttutil,rdpars,RDPARS,0,17,9,3,0,0,0,0,0,1
/Plant/ORYZA/ttutil,rdscha,RDSCHA,0,16,9,2,0,0,0,0,0,1
/Plant/ORYZA/ttutil,rdsctb,RDSCTB,0,195,6,1,1,11,0,36,0,22
/Plant/ORYZA/ttutil,rdsdor,RDSDOR,0,32,9,4,1,2,0,6,0,3
/Plant/ORYZA/ttutil,rdsdou,RDSDOU,0,18,9,2,1,0,0,0,0,1
/Plant/ORYZA/ttutil,rdsets,RDSETS,0,45,9,4,0,0,0,8,0,5
/Plant/ORYZA/ttutil,rdsinr,RDSINR,0,32,9,4,1,2,0,6,0,3
/Plant/ORYZA/ttutil,rdsint,RDSINT,0,18,9,2,1,0,0,0,0,1
/Plant/ORYZA/ttutil,rdslog,RDSLOG,0,18,9,2,1,0,0,0,0,1
/Plant/ORYZA/ttutil,rdsrea,RDSREA,0,18,9,2,1,0,0,0,0,1
/Plant/ORYZA/ttutil,rdsrer,RDSRER,0,32,9,4,1,2,0,6,0,3
/Plant/ORYZA/ttutil,rdstim,RDSTIM,0,18,9,2,1,0,0,0,0,1
/Plant/ORYZA/ttutil,rdtmp1,RDTMP1,0,176,1,3,2,28,3,42,0,5
/Plant/ORYZA/ttutil,rdtmp2,RDTMP2,0,54,0,6,1,14,0,2,0,0
/Plant/ORYZA/ttutil,reaand,REAAND,0,11,0,3,1,0,0,2,0,0
/Plant/ORYZA/ttutil,reanor,REANOR,0,11,0,3,1,0,0,2,0,0
/Plant/ORYZA/ttutil,recread,RECREAD,0,133,1,5,4,18,0,37,0,1
/Plant/ORYZA/ttutil,recreadi,RECREAD_INIT,0,19,0,2,0,1,0,0,0,0
/Plant/ORYZA/ttutil,recreadt,RECREAD_TERM,0,10,0,0,0,0,0,1,0,0
/Plant/ORYZA/ttutil,remove,REMOVE,0,12,0,2,1,0,0,1,0,0
/Plant/ORYZA/ttutil,sfindg,SFINDG,0,51,0,8,2,2,1,15,0,0
/Plant/ORYZA/ttutil,sortch,SORTCH,0,46,0,4,2,7,1,8,0,0
/Plant/ORYZA/ttutil,sortin,SORTIN,0,45,0,3,1,7,1,8,0,0
/Plant/ORYZA/ttutil,str_copy,STR_COPY,0,16,0,3,2,1,0,1,0,0
/Plant/ORYZA/ttutil,swpi4,SWPI4,0,66,2,6,1,3,1,18,0,4
/Plant/ORYZA/ttutil,ttutilprefs,FILLEXTERNALMESSAGE,0,18,0,1,0,4,0,0,0,0
/Plant/ORYZA/ttutil,ttutilprefs,WRITEEXTERNALMESSAGE,0,19,0,0,0,0,0,0,0,0
/Plant/ORYZA/ttutil,ttuver,TTUVER,0,16,1,2,1,0,0,3,0,2
/Plant/ORYZA/ttutil,unifl,UNIFL,0,24,0,1,1,9,0,4,0,0
/Plant/ORYZA/ttutil,upperc,UPPERC,0,13,0,1,0,3,0,0,0,0
/Plant/ORYZA/ttutil,usedun,USEDUN,0,26,1,2,0,1,1,6,0,1
/Plant/ORYZA/ttutil,ver4_23,VER4_23,0,4,0,0,0,0,0,0,0,0
/Plant/ORYZA/ttutil,warning_OR,WARNING_OR,0,22,1,2,0,0,0,9,0,1
/Plant/ORYZA/ttutil,words,WORDS,0,33,0,6,3,2,2,4,0,0
/Plant/ORYZA/ttutil,wracha,WRACHA,0,24,0,4,0,4,1,5,0,0
/Plant/ORYZA/ttutil,wradou,WRADOU,0,25,0,4,0,4,1,5,0,0
/Plant/ORYZA/ttutil,wraint,WRAINT,0,25,0,4,0,4,1,5,0,0
/Plant/ORYZA/ttutil,wralog,WRALOG,0,35,0,4,0,2,1,11,0,0
/Plant/ORYZA/ttutil,wrarea,WRAREA,0,25,0,4,0,4,1,5,0,0
/Plant/ORYZA/ttutil,wratim,WRATIM,0,26,4,4,0,1,1,5,0,1
/Plant/ORYZA/ttutil,wrinit,WRINIT,0,17,0,2,0,0,0,2,0,0
/Plant/ORYZA/ttutil,wrscha,WRSCHA,0,11,0,2,0,1,0,1,0,0
/Plant/ORYZA/ttutil,wrsdou,WRSDOU,0,10,0,2,0,0,0,1,0,0
/Plant/ORYZA/ttutil,wrsint,WRSINT,0,10,0,2,0,0,0,1,0,0
/Plant/ORYZA/ttutil,wrslog,WRSLOG,0,14,0,2,0,0,0,3,0,0
/Plant/ORYZA/ttutil,wrsrea,WRSREA,0,10,0,2,0,0,0,1,0,0
/Plant/ORYZA/ttutil,wrstim,WRSTIM,0,14,4,2,0,0,0,1,0,1
/Plant/SUBSTOR-Potato,PT_GROSUB,PT_GROSUB,0,391,4,60,32,125,0,62,7,4
/Plant/SUBSTOR-Potato,PT_GROSUB,PT_IPGRO,0,124,3,13,0,15,3,28,5,12
/Plant/SUBSTOR-Potato,PT_NFACTO,PT_NFACTO,0,33,0,11,8,13,0,6,0,0
/Plant/SUBSTOR-Potato,PT_NUPTAK,PT_NUPTAK,0,248,0,34,14,106,3,48,3,0
/Plant/SUBSTOR-Potato,PT_OPGROW,PT_OPGROW,0,185,1,28,1,28,1,36,0,5
/Plant/SUBSTOR-Potato,PT_OPHARV,PT_OPHARV,0,253,6,31,5,34,0,35,0,16
/Plant/SUBSTOR-Potato,PT_PHASEI,PT_PHASEI,0,40,0,10,8,0,0,1,7,0
/Plant/SUBSTOR-Potato,PT_PHENOL,PT_IPPHEN,0,44,3,9,0,11,0,11,0,7
/Plant/SUBSTOR-Potato,PT_PHENOL,PT_PHENOL,0,175,4,38,16,36,2,31,7,9
/Plant/SUBSTOR-Potato,PT_ROOTGR,PT_IPROOT,0,51,3,3,0,7,1,12,0,5
/Plant/SUBSTOR-Potato,PT_ROOTGR,PT_ROOTGR,0,81,4,19,3,23,5,10,0,1
/Plant/SUBSTOR-Potato,PT_SUBSTOR,PT_IPSPE,0,46,1,4,0,3,1,8,4,3
/Plant/SUBSTOR-Potato,PT_SUBSTOR,PT_SUBSTOR,0,115,7,29,5,4,0,14,0,16
/Plant/SUBSTOR-Potato,PT_THTIME,PT_THTIME,0,35,0,7,2,5,0,11,0,0
/SPAM,ESR_SoilEvap,ESR_SOILEVAP,0,77,0,8,4,23,3,6,4,0
/SPAM,ETPHOT,CANABS,0,97,0,21,6,47,1,16,0,0
/SPAM,ETPHOT,ETIND,0,51,1,34,20,4,5,2,0,2
/SPAM,ETPHOT,ETINP,0,126,1,31,15,31,8,16,0,13
/SPAM,ETPHOT,ETPHOT,0,369,6,16,6,56,14,42,0,19
/SPAM,ETPHOT,LFEXTN,0,31,0,9,5,17,0,2,0,0
/SPAM,ETPHOT,PGIND,0,31,1,22,17,2,0,2,0,1
/SPAM,ETPHOT,PGINP,0,94,1,28,9,20,0,19,0,18
/SPAM,ETPHOT,RADABS,0,93,2,36,14,18,0,13,0,7
/SPAM,ETPHOT,SHADOW,0,42,0,8,1,24,0,9,0,0
/SPAM,ETPHOT,SOIL05,0,21,0,4,1,1,2,2,0,0
/SPAM,ETPHOT,SOIL10,0,21,0,4,1,1,2,2,0,0
/SPAM,ETPHR,CANOPG,0,51,1,42,7,15,1,7,0,4
/SPAM,ETPHR,CANPET,0,57,4,40,7,21,1,5,0,3
/SPAM,ETPHR,ETPHR,0,125,5,88,18,30,3,13,0,7
/SPAM,ETPHR,ETRES,0,46,1,22,3,13,2,10,0,1
/SPAM,ETPHR,ETSOLV,0,39,3,19,5,8,0,0,0,18
/SPAM,ETPHR,GAUSSJ,0,77,2,3,1,6,12,8,0,2
/SPAM,ETPHR,HSOILT,0,37,0,7,1,14,3,4,0,0
/SPAM,ETPHR,MATADD,0,17,0,6,1,2,2,2,0,0
/SPAM,ETPHR,MATCON,0,17,0,6,1,2,2,2,0,0
/SPAM,ETPHR,MATPRO,0,16,0,6,1,1,3,0,0,0
/SPAM,ETPHR,PGLEAF,0,38,0,10,2,11,0,6,0,0
/SPAM,ETPHR,PGLFEQ,0,54,0,25,5,23,0,6,0,2
/SPAM,ETPHR,RADB,0,26,0,8,1,15,0,2,0,0
/SPAM,ETPHR,RESBLR,0,73,0,14,3,43,0,7,0,0
/SPAM,OPETPHOT,OPETPHOT,0,63,1,65,0,0,0,11,0,5
/SPAM,OpStemp,OPSTEMP,0,88,1,7,0,4,0,19,3,7
/SPAM,PET,FLOOD_EVAP,0,9,0,3,1,2,0,1,0,0
/SPAM,PET,PET,0,39,1,8,0,1,0,0,6,6
/SPAM,PET,PETASCE,0,95,0,14,1,38,0,8,6,7
/SPAM,PET,PETDYN,0,81,0,11,1,46,0,8,0,0
/SPAM,PET,PETMEY,0,62,0,8,0,21,0,1,0,1
/SPAM,PET,PETPEN,0,57,0,13,2,27,0,5,0,0
/SPAM,PET,PETPNO,0,34,0,10,1,17,0,2,0,0
/SPAM,PET,PETPT,0,22,0,6,1,8,0,4,0,0
/SPAM,PET,PSE,0,24,0,4,1,5,0,5,0,2
/SPAM,ROOTWU,ROOTWU,0,56,0,11,2,13,2,11,0,0
/SPAM,SAL_Stemp,SALUS_T,0,210,2,12,4,67,12,26,0,5
/SPAM,SOILEV,ESUP,0,15,0,6,4,4,0,2,0,0
/SPAM,SOILEV,SOILEV,0,81,1,10,1,26,0,19,0,3
/SPAM,SPAM,SPAM,0,276,7,33,10,22,3,40,23,67
/SPAM,SPSUBS,OPSPAM,0,201,1,23,1,40,1,30,0,11
/SPAM,SPSUBS,XTRACT,0,53,0,11,5,11,4,8,0,0
/SPAM,STEMP,SOILT,0,32,0,19,4,16,2,0,0,0
/SPAM,STEMP,STEMP,0,123,2,12,1,30,6,17,0,6
/SPAM,STEMP_EPIC,SOILT_EPIC,0,38,0,18,4,14,2,2,0,0
/SPAM,STEMP_EPIC,STEMP_EPIC,0,158,2,11,1,41,7,19,0,13
/SPAM,TRANS,TRANS,0,31,0,10,1,8,0,4,0,2
/Soil,SOIL,SOIL,0,69,5,38,0,1,0,4,0,8
/Soil/CENTURY_OrganicMatter,CENTURY,CENTURY,0,349,3,25,9,39,15,51,0,47
/Soil/CENTURY_OrganicMatter,CE_RATIO_C,CE_RATIO_C,0,212,0,36,7,101,1,62,0,0
/Soil/CENTURY_OrganicMatter,DECRAT_C,DECRAT_C,0,46,0,9,1,14,0,5,3,0
/Soil/CENTURY_OrganicMatter,EFLOW_C,EFLOW_C,0,29,0,8,3,6,0,7,0,0
/Soil/CENTURY_OrganicMatter,IMMOBLIMIT_C,IMMOBLIMIT_C,0,291,0,66,61,149,5,57,0,6
/Soil/CENTURY_OrganicMatter,INCORPOR_C,INCORPOR_C,0,73,0,19,7,29,3,13,0,0
/Soil/CENTURY_OrganicMatter,IPHedley_C,HEDINIT_ORG,0,56,3,14,12,21,0,13,0,1
/Soil/CENTURY_OrganicMatter,IPHedley_C,IPHEDLEY_C,0,91,2,10,8,21,1,11,8,12
/Soil/CENTURY_OrganicMatter,LITDEC_C,LITDEC_C,0,113,1,36,15,32,0,22,0,12
/Soil/CENTURY_OrganicMatter,NCHECK_C,NCHECK_C,0,65,2,16,2,1,1,23,0,2
/Soil/CENTURY_OrganicMatter,NCHECK_C,NWRITE_C,0,90,2,3,0,14,0,2,16,15
/Soil/CENTURY_OrganicMatter,OPSOMLIT_C,OPSOMLIT_C,0,316,1,36,0,77,4,46,13,11
/Soil/CENTURY_OrganicMatter,PARTIT_C,PARTIT_C,0,88,0,22,10,26,3,20,0,0
/Soil/CENTURY_OrganicMatter,RPLACE_C,RPLACE_C,0,73,1,21,0,11,4,10,0,3
/Soil/CENTURY_OrganicMatter,SENESADD_C,SENESADD_C,0,102,1,25,4,18,1,28,0,4
/Soil/CENTURY_OrganicMatter,SOMDEC_C,SOMDEC_C,0,121,1,56,28,22,0,24,0,9
/Soil/CENTURY_OrganicMatter,SOMFIX_C,CHECKFIX_C,0,31,2,4,1,5,0,2,0,1
/Soil/CENTURY_OrganicMatter,SOMFIX_C,SOMFIX_C,0,321,4,55,0,136,1,4,0,141
/Soil/CENTURY_OrganicMatter,SOMINIT_c,SOMFRAC_INIT,0,215,4,6,3,47,5,34,8,8
/Soil/CENTURY_OrganicMatter,SOMINIT_c,SOMINIT_C,0,321,5,38,18,102,0,49,18,6
/Soil/CENTURY_OrganicMatter,SOMLITPRINT_C,SOMLITPRINT_C,0,111,1,34,0,8,3,28,0,2
/Soil/CENTURY_OrganicMatter,SoilCBal_C,SOILCBAL_C,0,91,1,10,0,13,0,16,0,4
/Soil/CENTURY_OrganicMatter,SoilCNPinit_C,SOILCNPINIT_C,0,265,6,78,15,51,13,51,3,10
/Soil/CENTURY_OrganicMatter,SoilNoBal_C,SOILNOBAL_C,0,133,1,15,0,25,3,11,0,8
/Soil/CENTURY_OrganicMatter,SoilPoBal_C,SOILPOBAL_C,0,133,1,14,0,25,3,12,0,8
/Soil/CENTURY_OrganicMatter,TSOMLIT_C,TSOMLIT_C,0,79,1,37,23,29,5,2,0,1
/Soil/CERES_OrganicMatter,NCHECK_organic,NCHECK_ORGANIC,0,34,0,9,0,0,1,20,0,0
/Soil/CERES_OrganicMatter,NCHECK_organic,NWRITE,0,58,2,3,1,9,0,0,10,9
/Soil/CERES_OrganicMatter,OpSoilOrg,OPSOILORG,0,124,1,14,0,11,1,22,4,11
/Soil/CERES_OrganicMatter,SoilOrg,SOILORG,0,420,1,23,10,127,10,74,0,15
/Soil/CERES_OrganicMatter,SoilOrg_init,SOILORG_INIT,0,241,2,12,9,52,6,47,5,7
/Soil/FloodN,FCHEM,FCHEM,0,253,2,48,17,104,1,32,0,5
/Soil/FloodN,FLOODI,FLOODI,0,72,2,28,17,21,0,3,0,3
/Soil/FloodN,Flood_Chem,DRYUP,0,32,0,17,15,7,0,2,0,0
/Soil/FloodN,Flood_Chem,FLOOD_CHEM,0,194,3,23,7,27,2,19,0,7
/Soil/FloodN,Flood_Chem,NRUNOFF,0,14,0,10,5,6,0,0,0,0
/Soil/FloodN,Flood_Chem,PERC_N,0,31,0,17,11,16,0,1,0,0
/Soil/FloodN,OPFLOODN,OPFLOODN,0,59,1,19,0,4,0,10,0,4
/Soil/GHG,Denit_Ceres,DENIT_CERES,0,102,0,17,4,24,1,10,0,0
/Soil/GHG,Denit_DayCent,DENIT_DAYCENT,0,167,1,12,4,36,1,4,0,1
/Soil/GHG,N2O_mod,N2OEMIT,0,92,0,5,0,19,1,4,0,0
/Soil/GHG,N2O_mod,OPN2O,0,116,1,5,0,6,0,15,0,5
/Soil/GHG,diffusiv,DAYCENT_DIFFUSIVITY,0,44,0,3,1,19,0,0,0,0
/Soil/GHG,nox_pulse,NOX_PULSE,0,79,0,4,1,19,0,0,0,0
/Soil/Inorganic_K,OpSoilKi,OPSOILKI,0,136,1,8,0,7,1,19,0,11
/Soil/Inorganic_K,SoilK_init,SOILKI_INIT,0,51,3,9,6,10,2,7,0,2
/Soil/Inorganic_K,SoilKi,SOILKI,0,90,2,7,2,10,3,14,0,6
/Soil/Inorganic_N,EQUIL2,AMTHERM,0,46,0,8,4,13,0,8,0,0
/Soil/Inorganic_N,EQUIL2,EQUIL2,0,184,1,16,3,52,0,35,4,2
/Soil/Inorganic_N,NCHECK_inorg,NCHECK_INORG,0,32,2,7,5,3,1,3,0,3
/Soil/Inorganic_N,NFLUX,NFLUX,0,69,0,18,5,23,2,16,0,0
/Soil/Inorganic_N,OPSOILNI,OPSOILNI,0,119,1,18,0,5,0,21,0,10
/Soil/Inorganic_N,OXLAYER,OXLAYER,0,311,2,23,6,116,1,38,3,3
/Soil/Inorganic_N,SOILNI,SOILNI,0,477,4,27,5,107,9,57,6,32
/Soil/Inorganic_N,SoilNiBal,SOILNIBAL,0,146,1,18,0,29,0,10,0,8
/Soil/Inorganic_N,SoilNi_init,SOILNI_INIT,0,61,1,11,7,8,2,9,0,1
/Soil/Inorganic_P,IPHedley_inorg,HEDLEY_INIT,0,56,3,14,12,21,0,13,0,1
/Soil/Inorganic_P,IPHedley_inorg,IPHEDLEY_INORG,0,111,2,6,4,26,1,16,9,13
/Soil/Inorganic_P,OpSoilPi,OPSOILPI,0,112,1,15,2,2,1,22,3,8
/Soil/Inorganic_P,SoilPi,PCHECK,0,50,2,8,6,7,1,6,0,6
/Soil/Inorganic_P,SoilPi,P_ROOTS_INIT,0,41,0,29,20,20,1,2,0,0
/Soil/Inorganic_P,SoilPi,ROOTSOILVOL,0,13,0,12,0,0,0,0,0,0
/Soil/Inorganic_P,SoilPi,SOILPI,0,447,3,14,4,137,7,49,8,15
/Soil/Inorganic_P,SoilPiBal,SOILPIBAL,0,111,1,10,0,19,2,8,0,8
/Soil/Inorganic_P,SoilPi_init,SOILPI_INIT,0,330,3,11,7,92,3,67,40,8
/Soil/Mulch,MULCHEVAP,MULCH_EVAP,0,40,0,4,3,7,0,6,0,0
/Soil/Mulch,MULCHLAYER,MULCHLAYER,0,28,0,1,1,4,1,0,0,1
/Soil/Mulch,MULCHWAT,MULCHWATER,0,80,2,4,2,11,0,17,0,2
/Soil/Mulch,OPMULCH,OPMULCH,0,79,1,3,0,2,0,17,0,10
/Soil/SoilUtilities,IPSOIL,IPSOIL,0,10,0,19,0,0,0,0,0,0
/Soil/SoilUtilities,LMATCH,LMATCH,0,60,0,5,1,12,1,10,0,0
/Soil/SoilUtilities,LMATCH,LYRSET,0,55,2,6,4,8,4,5,0,1
/Soil/SoilUtilities,LMATCH,LYRSET2,0,50,0,6,4,16,2,7,0,0
/Soil/SoilUtilities,LMATCH,LYRSET3,0,18,0,6,4,1,1,0,0,0
/Soil/SoilUtilities,SOILDYN,ALBEDO,0,25,0,6,1,6,0,2,0,0
/Soil/SoilUtilities,SOILDYN,OPSOILDYN,0,42,1,18,0,2,0,9,0,4
/Soil/SoilUtilities,SOILDYN,PRINT_SOILPROP,0,154,2,1,0,21,4,19,3,3
/Soil/SoilUtilities,SOILDYN,SOILDYN,0,820,3,11,1,154,23,131,4,33
/Soil/SoilUtilities,SOILDYN,SOILLAYERTEXT,0,51,0,3,1,10,1,4,16,0
/Soil/SoilUtilities,SoilMixing,SOILMIXING,0,33,0,6,1,9,2,2,0,0
/Soil/SoilUtilities,SoilMixing,SOILMIX_1D,0,22,0,7,2,2,2,1,0,1
/Soil/SoilUtilities,SoilMixing,SOILMIX_2D,0,22,0,8,2,2,2,1,0,1
/Soil/SoilUtilities,SoilNBalSum,SOILNBALSUM,0,6,0,20,0,0,0,0,0,0
/Soil/SoilUtilities,SoilNoBal,SOILNOBAL,0,124,1,11,0,23,3,10,0,5
/Soil/SoilUtilities,SoilNoPoBal,SOILNOPOBAL,0,205,1,13,0,26,8,24,0,10
/Soil/SoilUtilities,SoilPBalSum,SOILPBALSUM,0,6,0,17,0,0,0,0,0,0
/Soil/SoilUtilities,SoilPoBal,SOILPOBAL,0,124,1,11,0,24,3,10,0,5
/Soil/SoilUtilities,TextureClass,TEXTURECLASS,0,48,0,5,2,0,0,13,0,0
/Soil/SoilWater,INFIL,INFIL,0,77,0,12,5,22,4,15,0,0
/Soil/SoilWater,OPWBAL,OPWBAL,0,169,1,17,1,19,0,38,0,14
/Soil/SoilWater,RETC_VG,BINC,0,18,0,4,0,8,2,0,0,0
/Soil/SoilWater,RETC_VG,CALBROKCRYPARA,0,46,0,4,0,3,0,0,13,0
/Soil/SoilWater,RETC_VG,GAMMA,0,20,0,1,0,7,0,2,0,0
/Soil/SoilWater,RETC_VG,MATINV,0,54,0,3,2,8,7,6,0,0
/Soil/SoilWater,RETC_VG,MODEL_RETC,0,117,0,9,2,44,1,25,0,0
/Soil/SoilWater,RETC_VG,POTENTIALOP,0,76,1,4,0,3,1,8,0,4
/Soil/SoilWater,RETC_VG,RETC_VG,0,314,1,11,3,79,24,50,0,5
/Soil/SoilWater,RETC_VG,RETENTION,0,52,0,8,2,20,0,5,0,0
/Soil/SoilWater,RETC_VG,WATERPOTENTIAL,0,23,0,4,1,4,1,1,0,0
/Soil/SoilWater,RNOFF,RNOFF,0,34,0,8,1,7,0,6,0,0
/Soil/SoilWater,SATFLO,SATFLO,0,42,0,10,3,11,4,6,0,0
/Soil/SoilWater,TILEDRAIN,TILEDRAIN,0,93,3,13,5,22,3,17,0,2
/Soil/SoilWater,WATBAL,SUMSW,0,11,0,4,1,2,1,0,0,0
/Soil/SoilWater,WATBAL,WATBAL,0,234,4,19,8,26,7,35,0,31
/Soil/SoilWater,WBAL,WBAL,0,148,1,23,0,15,1,11,0,19
/Soil/SoilWater,WBSUBS,IPWBAL,0,75,3,7,2,9,3,17,0,4
/Soil/SoilWater,WBSUBS,SNOWFALL,0,24,0,5,2,4,0,5,0,0
/Soil/SoilWater,WBSUBS,UP_FLOW,0,76,0,9,3,30,3,12,0,0
/Soil/SoilWater,WBSUBS,WBSUM,0,28,0,12,5,5,2,2,0,0
/Soil/SoilWater,WBSUBS,WTDEPT,0,24,0,7,1,6,1,3,0,0
/Utilities,CheckRunMode,CHECKRUNMODE,0,13,3,1,0,0,0,1,0,2
/Utilities,DATES,ETAD_NAILUJ,0,19,0,4,1,2,1,3,0,0
/Utilities,DATES,FULLYEAR,0,21,0,3,2,3,0,4,0,0
/Utilities,DATES,INCMTH,0,11,0,3,2,5,0,2,0,0
/Utilities,DATES,NAILUJ,0,22,0,4,2,2,1,3,0,0
/Utilities,DATES,Y2K_DOY,0,15,0,1,1,4,0,4,0,0
/Utilities,DATES,Y2K_DOYW,0,32,1,4,2,11,0,6,0,2
/Utilities,DATES,YR_DOY,0,6,0,3,2,2,0,0,0,0
/Utilities,ERROR,ERROR,0,124,2,4,0,10,0,14,0,7
/Utilities,ERROR,ERRORCODE,0,16,2,4,2,0,0,1,0,2
/Utilities,ERROR,GENERIC_MSG,0,18,0,2,0,0,0,0,6,0
/Utilities,IPIBS,IPIBS,0,179,3,5,3,20,0,30,0,5
/Utilities,Info,INFO,0,68,1,3,0,2,1,13,0,8
/Utilities,ModuleDefs,GET_CHAR,0,27,2,3,1,0,0,1,3,1
/Utilities,ModuleDefs,GET_CONTROL,0,6,0,1,0,0,0,0,0,0
/Utilities,ModuleDefs,GET_INTEGER,0,25,2,3,1,0,0,1,2,1
/Utilities,ModuleDefs,GET_ISWITCH,0,6,0,1,1,0,0,0,0,0
/Utilities,ModuleDefs,GET_OUTPUT,0,6,0,1,1,0,0,0,0,0
/Utilities,ModuleDefs,GET_REAL,0,108,2,3,1,0,0,1,13,1
/Utilities,ModuleDefs,GET_REAL_ARRAY_NL,0,23,2,3,1,0,0,1,6,1
/Utilities,ModuleDefs,GET_SOILPROP,0,6,0,1,1,0,0,0,0,0
/Utilities,ModuleDefs,PUT_CHAR,0,26,2,3,0,0,0,1,3,1
/Utilities,ModuleDefs,PUT_CONTROL,0,6,0,1,0,0,0,0,0,0
/Utilities,ModuleDefs,PUT_INTEGER,0,24,2,3,0,0,0,1,2,1
/Utilities,ModuleDefs,PUT_ISWITCH,0,6,0,1,0,0,0,0,0,0
/Utilities,ModuleDefs,PUT_OUTPUT,0,6,0,1,0,0,0,0,0,0
/Utilities,ModuleDefs,PUT_REAL,0,97,2,3,0,0,0,1,12,1
/Utilities,ModuleDefs,PUT_REAL_ARRAY_NL,0,22,2,3,0,0,0,1,2,1
/Utilities,ModuleDefs,PUT_SOILPROP,0,6,0,1,0,0,0,0,0,0
/Utilities,OPGeneric,OPGENERIC,0,56,1,16,0,1,0,5,13,4
/Utilities,OPSTRESS,OPSTRESS,0,320,1,6,0,75,2,46,0,11
/Utilities,OPSUM,EVALUATEDAT,0,16,0,5,0,1,1,0,0,0
/Utilities,OPSUM,OPSUM,0,435,3,3,0,108,0,60,3,18
/Utilities,OPSUM,SUMVALS,0,90,0,3,1,1,1,1,71,1
/Utilities,OPVIEW,OPSTRESS,0,9,0,6,0,0,0,0,0,0
/Utilities,OPVIEW,OPVIEW,0,241,5,16,0,26,4,43,0,18
/Utilities,READS,CHANGE_DESC,0,18,0,1,1,2,1,1,0,0
/Utilities,READS,FIND,0,25,0,4,3,1,2,2,0,0
/Utilities,READS,FIND2,0,21,0,4,2,1,0,2,0,0
/Utilities,READS,GETDESC,0,63,3,3,1,5,2,7,0,4
/Utilities,READS,HFIND,0,35,0,4,3,3,3,4,0,0
/Utilities,READS,IGNORE,0,24,0,4,2,1,0,4,0,0
/Utilities,READS,IGNORE2,0,24,0,4,2,1,0,4,0,0
/Utilities,READS,PARSE_HEADERS,0,66,0,5,3,8,4,12,0,0
/Utilities,READS,READA,0,128,2,6,1,15,7,28,15,4
/Utilities,READS,READA_DATES,0,21,1,3,1,2,0,5,0,2
/Utilities,READS,READCROPMODELS,0,52,3,3,0,5,1,9,0,4
/Utilities,READS,READ_DETAIL,0,52,3,5,1,4,1,8,0,3
/Utilities,RunList,RUNLIST,0,53,1,1,0,2,0,7,0,4
/Utilities,UTILS,CLEAR,0,5,0,0,0,0,0,0,0,0
/Utilities,UTILS,CURPOS,0,7,0,1,0,0,0,0,0,0
/Utilities,UTILS,GETLUN,0,94,0,2,1,4,2,10,19,2
/Utilities,UTILS,GET_CROPD,0,16,4,2,1,0,0,1,0,2
/Utilities,UTILS,GET_DIR,0,9,0,2,1,2,0,0,0,0
/Utilities,UTILS,GET_NEXT_STRING,0,10,0,3,0,3,0,0,0,0
/Utilities,UTILS,HOME,0,9,0,0,0,0,0,0,0,0
/Utilities,UTILS,JOIN_TRIM,0,24,0,3,1,2,0,6,0,0
/Utilities,UTILS,OPCLEAR,0,38,2,0,0,1,1,4,0,4
/Utilities,UTILS,OPNAMES,0,85,1,1,0,7,2,14,0,4
/Utilities,UTILS,OUTFILES,0,52,1,1,1,6,1,7,0,3
/Utilities,UTILS,PATH_ADJ,0,18,0,1,1,6,0,0,0,0
/Utilities,UTILS,SKIPSPC,0,24,0,3,1,4,2,4,3,0
/Utilities,UTILS,SWAP,0,14,0,6,6,0,0,0,0,0
/Utilities,UTILS,VERIFY,0,61,0,3,3,10,3,13,0,0
/Utilities,Warning,WARNING,0,70,1,3,0,3,1,13,0,8
/Utilities/CsvOuts,csvlinklist,LINKLST,0,20,0,1,0,0,0,0,0,0
/Utilities/CsvOuts,csvlinklist,LINKLSTCSCER,0,20,0,1,0,0,0,0,0,0
/Utilities/CsvOuts,csvlinklist,LINKLSTDORMPRFRM,0,20,0,1,0,0,0,0,0,0
/Utilities/CsvOuts,csvlinklist,LINKLSTET,0,20,0,1,0,0,0,0,0,0
/Utilities/CsvOuts,csvlinklist,LINKLSTETPHOT,0,20,0,1,0,0,0,0,0,0
/Utilities/CsvOuts,csvlinklist,LINKLSTEVALCSCER,0,20,0,1,0,0,0,0,0,0
/Utilities/CsvOuts,csvlinklist,LINKLSTEVOPSUM,0,20,0,1,0,0,0,0,0,0
/Utilities/CsvOuts,csvlinklist,LINKLSTMLCER,0,20,0,1,0,0,0,0,0,0
/Utilities/CsvOuts,csvlinklist,LINKLSTMULCH,0,20,0,1,0,0,0,0,0,0
/Utilities/CsvOuts,csvlinklist,LINKLSTMZCER,0,20,0,1,0,0,0,0,0,0
/Utilities/CsvOuts,csvlinklist,LINKLSTPLANTP,0,20,0,1,0,0,0,0,0,0
/Utilities/CsvOuts,csvlinklist,LINKLSTPLCCRGRO,0,20,0,1,0,0,0,0,0,0
/Utilities/CsvOuts,csvlinklist,LINKLSTPLCPRFRM,0,20,0,1,0,0,0,0,0,0
/Utilities/CsvOuts,csvlinklist,LINKLSTPLGR2,0,20,0,1,0,0,0,0,0,0
/Utilities/CsvOuts,csvlinklist,LINKLSTPLGRF,0,20,0,1,0,0,0,0,0,0
/Utilities/CsvOuts,csvlinklist,LINKLSTPLGROPRFRM,0,20,0,1,0,0,0,0,0,0
/Utilities/CsvOuts,csvlinklist,LINKLSTPLNCRGRO,0,20,0,1,0,0,0,0,0,0
/Utilities/CsvOuts,csvlinklist,LINKLSTPLNCSCER,0,20,0,1,0,0,0,0,0,0
/Utilities/CsvOuts,csvlinklist,LINKLSTPLNMZCER,0,20,0,1,0,0,0,0,0,0
/Utilities/CsvOuts,csvlinklist,LINKLSTPLNPRFRM,0,20,0,1,0,0,0,0,0,0
/Utilities/CsvOuts,csvlinklist,LINKLSTSOILNI,0,20,0,1,0,0,0,0,0,0
/Utilities/CsvOuts,csvlinklist,LINKLSTSOILORG,0,20,0,1,0,0,0,0,0,0
/Utilities/CsvOuts,csvlinklist,LINKLSTSOILPI,0,20,0,1,0,0,0,0,0,0
/Utilities/CsvOuts,csvlinklist,LINKLSTSOMN,0,20,0,1,0,0,0,0,0,0
/Utilities/CsvOuts,csvlinklist,LINKLSTSTORPRFRM,0,20,0,1,0,0,0,0,0,0
/Utilities/CsvOuts,csvlinklist,LINKLSTSUMOPSUM,0,20,0,1,0,0,0,0,0,0
/Utilities/CsvOuts,csvlinklist,LINKLSTSW,0,20,0,1,0,0,0,0,0,0
/Utilities/CsvOuts,csvlinklist,LINKLSTTEMP,0,20,0,1,0,0,0,0,0,0
/Utilities/CsvOuts,csvlinklist,LINKLSTWTH,0,20,0,1,0,0,0,0,0,0
/Utilities/CsvOuts,csvlinklist,LISTTOFILEDORMPRFRM,0,22,0,0,0,2,0,0,0,0
/Utilities/CsvOuts,csvlinklist,LISTTOFILEET,0,40,0,1,0,6,0,0,0,0
/Utilities/CsvOuts,csvlinklist,LISTTOFILEETPHOT,0,22,0,0,0,2,0,0,0,0
/Utilities/CsvOuts,csvlinklist,LISTTOFILEEVALCSCER,0,22,0,0,0,2,0,0,0,0
/Utilities/CsvOuts,csvlinklist,LISTTOFILEEVOPSUM,0,28,0,0,0,3,0,0,0,0
/Utilities/CsvOuts,csvlinklist,LISTTOFILEMLCER,0,33,0,1,0,6,0,0,0,0
/Utilities/CsvOuts,csvlinklist,LISTTOFILEMULCH,0,22,0,0,0,2,0,0,0,0
/Utilities/CsvOuts,csvlinklist,LISTTOFILEMZCER,0,33,0,1,0,6,0,0,0,0
/Utilities/CsvOuts,csvlinklist,LISTTOFILEPLANTGRCRGRO,0,34,0,1,0,6,0,0,0,0
/Utilities/CsvOuts,csvlinklist,LISTTOFILEPLANTGRCSCER,0,22,0,0,0,2,0,0,0,0
/Utilities/CsvOuts,csvlinklist,LISTTOFILEPLANTP,0,22,0,0,0,2,0,0,0,0
/Utilities/CsvOuts,csvlinklist,LISTTOFILEPLCCRGRO,0,22,0,0,0,2,0,0,0,0
/Utilities/CsvOuts,csvlinklist,LISTTOFILEPLCPRFRM,0,22,0,0,0,2,0,0,0,0
/Utilities/CsvOuts,csvlinklist,LISTTOFILEPLGR2,0,22,0,0,0,2,0,0,0,0
/Utilities/CsvOuts,csvlinklist,LISTTOFILEPLGRF,0,22,0,0,0,2,0,0,0,0
/Utilities/CsvOuts,csvlinklist,LISTTOFILEPLGROPRFRM,0,34,0,1,0,6,0,0,0,0
/Utilities/CsvOuts,csvlinklist,LISTTOFILEPLNCRGRO,0,22,0,0,0,2,0,0,0,0
/Utilities/CsvOuts,csvlinklist,LISTTOFILEPLNCSCER,0,22,0,0,0,2,0,0,0,0
/Utilities/CsvOuts,csvlinklist,LISTTOFILEPLNMZCER,0,22,0,0,0,2,0,0,0,0
/Utilities/CsvOuts,csvlinklist,LISTTOFILEPLNPRFRM,0,22,0,0,0,2,0,0,0,0
/Utilities/CsvOuts,csvlinklist,LISTTOFILESOILNI,0,37,0,1,0,7,0,0,0,0
/Utilities/CsvOuts,csvlinklist,LISTTOFILESOILORG,0,29,0,1,0,4,0,0,0,0
/Utilities/CsvOuts,csvlinklist,LISTTOFILESOILPI,0,22,0,0,0,2,0,0,0,0
/Utilities/CsvOuts,csvlinklist,LISTTOFILESOMN,0,22,0,0,0,2,0,0,0,0
/Utilities/CsvOuts,csvlinklist,LISTTOFILESTORPRFRM,0,22,0,0,0,2,0,0,0,0
/Utilities/CsvOuts,csvlinklist,LISTTOFILESUMOPSUM,0,22,0,0,0,2,0,0,0,0
/Utilities/CsvOuts,csvlinklist,LISTTOFILESW,0,33,0,1,0,6,0,0,0,0
/Utilities/CsvOuts,csvlinklist,LISTTOFILETEMP,0,33,0,1,0,6,0,0,0,0
/Utilities/CsvOuts,csvlinklist,LISTTOFILEWTH,0,22,0,0,0,2,0,0,0,0
/Utilities/CsvOuts,csvoutput,CSVOUTDORMPRFRM,0,19,0,24,2,0,0,0,0,0
/Utilities/CsvOuts,csvoutput,CSVOUTET,0,41,0,31,2,5,1,0,0,0
/Utilities/CsvOuts,csvoutput,CSVOUTETPHOT,0,18,0,23,2,0,0,0,0,0
/Utilities/CsvOuts,csvoutput,CSVOUTEVALCSCER,0,40,0,49,2,0,0,0,0,0
/Utilities/CsvOuts,csvoutput,CSVOUTEVOPSUM,0,25,0,12,2,2,0,0,0,0
/Utilities/CsvOuts,csvoutput,CSVOUTMULCH,0,18,0,15,2,0,0,0,0,0
/Utilities/CsvOuts,csvoutput,CSVOUTPLANTP,0,35,0,45,2,13,0,0,0,0
/Utilities/CsvOuts,csvoutput,CSVOUTPLCCRGRO,0,22,0,28,2,2,0,0,0,0
/Utilities/CsvOuts,csvoutput,CSVOUTPLCPRFRM,0,26,0,31,2,6,0,0,0,0
/Utilities/CsvOuts,csvoutput,CSVOUTPLGR2,0,34,0,33,2,5,0,0,0,0
/Utilities/CsvOuts,csvoutput,CSVOUTPLGRF,0,39,0,41,2,17,0,0,0,0
/Utilities/CsvOuts,csvoutput,CSVOUTPLNCRGRO,0,28,0,28,2,8,0,0,0,0
/Utilities/CsvOuts,csvoutput,CSVOUTPLNCSCER,0,30,0,40,2,9,0,0,0,0
/Utilities/CsvOuts,csvoutput,CSVOUTPLNMZCER,0,24,0,25,2,6,0,0,0,0
/Utilities/CsvOuts,csvoutput,CSVOUTPLNPRFRM,0,29,0,28,2,9,0,0,0,0
/Utilities/CsvOuts,csvoutput,CSVOUTPUTS,0,44,0,3,0,0,0,0,0,0
/Utilities/CsvOuts,csvoutput,CSVOUTSOILNI,0,46,0,28,2,5,0,0,0,0
/Utilities/CsvOuts,csvoutput,CSVOUTSOILORG1,0,32,0,25,2,3,0,0,0,0
/Utilities/CsvOuts,csvoutput,CSVOUTSOILORG2,0,31,0,23,2,2,0,0,0,0
/Utilities/CsvOuts,csvoutput,CSVOUTSOILPI,0,18,0,24,2,0,0,0,0,0
/Utilities/CsvOuts,csvoutput,CSVOUTSOMN,0,37,0,39,2,0,0,0,0,0
/Utilities/CsvOuts,csvoutput,CSVOUTSTORPRFRM,0,21,0,63,2,3,0,0,0,0
/Utilities/CsvOuts,csvoutput,CSVOUTSUMOPSUM,0,33,0,88,2,1,0,0,0,0
/Utilities/CsvOuts,csvoutput,CSVOUTSW_CRGRO,0,38,0,25,2,3,0,0,0,0
/Utilities/CsvOuts,csvoutput,CSVOUTTEMP_CRGRO,0,29,0,14,2,2,0,0,0,0
/Utilities/CsvOuts,csvoutput,CSVOUTWTH,0,17,0,28,2,0,0,0,0,0
/Utilities/CsvOuts,csvoutput,CSVOUT_CRGRO,0,47,0,46,3,12,0,0,0,0
/Utilities/CsvOuts,csvoutput,CSVOUT_CSCER,0,52,0,59,2,17,0,0,0,0
/Utilities/CsvOuts,csvoutput,CSVOUT_MLCER,0,57,0,61,3,19,0,0,0,0
/Utilities/CsvOuts,csvoutput,CSVOUT_MZCER,0,50,0,50,3,14,0,0,0,0
/Utilities/CsvOuts,csvoutput,CSVOUT_PLGROPRFRM,0,60,0,54,3,26,0,0,0,0
/Weather,CO2VAL,CO2VAL,0,183,4,5,1,13,2,44,4,18
/Weather,CO2VAL,CO2_ERROR,0,39,3,6,1,0,0,1,6,7
/Weather,HMET,FRACD,0,29,0,10,3,15,0,4,0,0
/Weather,HMET,HANG,0,19,0,5,2,12,0,1,0,0
/Weather,HMET,HMET,0,40,1,31,7,11,2,2,0,6
/Weather,HMET,HPAR,0,16,0,7,1,3,0,4,0,0
/Weather,HMET,HRAD,0,12,0,7,1,3,0,2,0,0
/Weather,HMET,HTEMP,0,24,0,7,1,12,0,4,0,0
/Weather,HMET,HWIND,0,14,0,6,1,4,0,2,0,0
/Weather,IPWTH_alt,CHECK_WEATHER_HEADERS,0,46,3,5,1,3,4,2,2,3
/Weather,IPWTH_alt,DAILYWEATHERCHECK,0,59,2,13,2,9,0,13,0,4
/Weather,IPWTH_alt,IPWREC,0,145,2,27,17,36,2,20,11,5
/Weather,IPWTH_alt,IPWTH,0,394,3,26,20,66,6,79,15,37
/Weather,IPWTH_alt,WEATHERERROR,0,57,3,6,2,2,0,3,23,4
/Weather,OPWEATH,OPWEATH,0,71,1,18,2,2,0,14,0,6
/Weather,SOLAR,DAYLEN,0,13,0,6,4,7,0,0,0,0
/Weather,SOLAR,SOLAR,0,18,0,7,3,12,0,0,0,0
/Weather,SOLAR,TWILIGHT,0,13,0,3,1,7,0,0,0,0
/Weather,WGEN,CFACT,0,16,0,2,1,3,2,0,0,0
/Weather,WGEN,FOURCF,0,23,0,2,1,10,1,1,0,0
/Weather,WGEN,LININT,0,15,0,4,1,5,1,1,0,0
/Weather,WGEN,RANDN,0,22,0,2,2,16,0,0,0,0
/Weather,WGEN,SIMMIN,0,123,3,8,1,26,2,18,0,11
/Weather,WGEN,WGEN,0,69,4,24,1,1,1,12,0,11
/Weather,WGEN,WGENGN,0,115,1,24,6,24,5,22,0,6
/Weather,WGEN,WGENIN,0,76,3,8,1,9,2,15,0,10
/Weather,WGEN,WGENPM,0,26,1,20,14,16,0,0,0,1
/Weather,WTHMOD,WTHMOD,0,122,3,20,13,21,3,21,0,13
/Weather,WTHMOD,WTHSET,0,27,0,5,2,1,0,5,0,0
/Weather,weathr,OPSTRESS,0,9,0,6,0,0,0,0,0,0
/Weather,weathr,WEATHR,0,177,5,4,1,16,0,23,0,28
